user_id,name,age,gender,location,signup_date,subscription_plan,device_type
306df031-66fa-4470-9410-33e643cb792f,Rockwell Shopcott,65,Male,Portugal,8/5/2022,Super,Desktop
3c995659-2c51-48f8-8762-4bf154467f40,Hermie Hebden,48,Male,China,8/16/2022,Pro,Television
577480be-e4ea-465d-aa5e-92956a972021,Rosalia Reston,40,Agender,Canada,5/10/2022,Pro,Desktop
0537e3b9-1586-4421-b804-ea28b93109ad,Emmet Servis,85,Male,Iran,10/24/2022,Pro,Television
c62229c3-30ee-4b11-8f0f-7c6b44dd0b81,Cherlyn Clemmey,17,Female,China,6/11/2022,Super,Desktop
e82ab029-a3bb-4cf1-bb82-f30fa4f03181,Jermayne Haggath,98,Male,Jamaica,7/13/2022,Super,Mobile
1bfabd79-7a8f-496e-b0c2-1ccb63db8f52,Zonda Whetson,58,Female,Poland,3/31/2022,Pro,Television
d9f84499-2ccb-4b01-9320-e4570fd9b3d7,Arielle Brannon,49,Female,Portugal,1/27/2023,Premium,Desktop
92bba2e9-2ce1-4afa-bf94-4cd990b3a874,Forbes Winnard,52,Male,Portugal,7/20/2022,Premium,Television
b16a3b7e-89e7-485c-b17b-21dd0ff3abfb,Adham Gorey,56,Male,China,10/27/2022,Pro,Mobile
5e20fb23-f5c8-40e6-be98-654767e04bf4,Jacki Dubock,93,Female,Thailand,10/14/2022,Premium,Desktop
2d43b8cc-f986-4673-8f60-1543a7d968a1,Amandie Hicklingbottom,80,Female,Russia,3/9/2023,Premium,Mobile
0606074b-c64b-4ebc-861f-c0748054e1a5,Sidonnie Simco,84,Female,Cameroon,9/25/2022,Pro,Television
8191b1b4-a9f1-48d1-b255-577052149c39,Dolli Patterfield,4,Female,Slovenia,8/6/2022,Super,Desktop
8d22d0a3-33d7-4a78-88f1-630b7f4018e1,Edgardo Seemmonds,45,Male,China,1/4/2023,Premium,Mobile
46d032e7-e9bf-4d23-b15a-b46852d5bbe0,Zaneta Bilby,26,Female,France,5/4/2022,Premium,Television
0f21b7ba-6031-4c75-90fe-23de9c192949,Benjie Gloves,79,Male,Netherlands,4/20/2022,Super,Desktop
5f268d0b-a63b-40f7-aa5e-105ace3f952b,Jacqui Lowery,37,Female,Mexico,3/1/2023,Pro,Television
dd421b6a-d591-4690-8da1-0629a5483fe5,Parnell Haville,66,Genderfluid,Slovenia,3/3/2023,Premium,Television
1535e852-11d3-457a-ba8c-e5364646f314,Keene Tiler,75,Male,Czech Republic,3/17/2023,Pro,Television
2f472992-77ea-4778-8711-bfbe530c1276,Currie Glew,66,Non-binary,Spain,9/17/2022,Premium,Desktop
b9cc96eb-60bc-48ce-be6a-c8a99c9a2dde,Katlin Cavey,98,Female,China,11/18/2022,Pro,Desktop
04ed43db-8eb8-438e-9f58-513343223e81,Marcellina Scay,87,Female,Mexico,9/22/2022,Pro,Mobile
a1bd08b3-2cb2-4b89-9fe7-7a74f9a0cdde,Bethanne Clara,41,Female,Laos,6/29/2022,Pro,Desktop
b9813156-c9ae-4f96-9283-13754cdbe67c,Kleon Vazquez,93,Male,Portugal,10/22/2022,Premium,Television
9fcde900-e9d9-45f3-863f-fe72c86de9af,Chev MacSweeney,31,Male,Colombia,4/19/2022,Super,Desktop
9e3e5e5c-47b2-4a3a-9b43-8589e4ae5bea,Bruis Skill,12,Male,China,4/30/2022,Premium,Mobile
8f6f8470-cdd1-45ab-8dbd-2d34147e75c0,Filmore Cattermole,38,Male,Brazil,1/14/2023,Premium,Television
3db5df35-7a2f-452b-b482-9dd470bacc2b,Gweneth Colls,11,Genderqueer,Canada,3/10/2023,Super,Mobile
4df58baf-0bf4-42e5-9e9b-cc9b0027aca7,Nicoli Drayton,70,Female,Chile,12/22/2022,Super,Television
9acb2339-583a-4637-9816-c8e427c41f37,Tandie Norker,86,Female,Indonesia,10/18/2022,Super,Mobile
56e09b9e-f703-4912-85ea-2d04a3d782d0,Ricki Sommerville,66,Female,United States,8/6/2022,Premium,Television
056ed00d-4a50-46c3-bdf3-f76baaa3795c,Chanda Akram,55,Female,United States,7/7/2022,Pro,Mobile
ea48ed4f-d32f-4e24-bbd3-bc4a0fb8424c,Hailey Tomaszynski,77,Male,Brazil,10/10/2022,Super,Mobile
2b32cd8f-24ff-43ed-a08a-b09ecb91cdaa,Fletcher Askwith,68,Male,Russia,11/15/2022,Super,Mobile
944dbe60-715c-497c-a78b-29f45f8257b5,Emmott Burvill,33,Polygender,Macedonia,5/18/2022,Pro,Desktop
094aee62-95d0-494e-a262-93f313b01bfb,Hector Prendeville,28,Male,Indonesia,12/27/2022,Super,Television
7908ab23-d6f3-470a-8a1d-a8547960a0d1,Clyde Sayers,12,Male,China,11/11/2022,Pro,Television
18ac2a67-8033-4ee7-9f77-72db4cab1be9,Binky Havenhand,69,Male,Philippines,1/10/2023,Pro,Desktop
2cf8a9b9-0435-4cd7-9dce-695a9b225437,Brent MacAlpine,92,Genderfluid,Indonesia,6/12/2022,Premium,Desktop
8c61f259-d668-479e-aac3-d0b263c1db29,Kora Carmo,96,Female,China,5/7/2022,Pro,Desktop
0769dae7-e5f4-4e09-934c-f16754bbec23,Ailee Fordham,98,Female,Brazil,6/27/2022,Super,Desktop
8e2c59b3-bccc-475d-9ddb-2066a4638874,Massimiliano Cossans,25,Male,China,7/4/2022,Super,Mobile
15a5289a-60fd-4d8b-802b-2ecbba4d9f87,Chrissy Tallis,84,Male,China,3/25/2022,Pro,Desktop
7870ad69-b019-442a-91ef-5bb9c5ab90f1,Nikolia Bull,74,Female,France,6/18/2022,Super,Television
2dfe6756-790a-4bbd-85a0-ecb330f41312,Elsey Danihel,27,Female,Brazil,2/24/2023,Super,Television
4cba5eb0-6db2-4b94-9dde-bb424e7b3ec2,Raina Innerstone,58,Female,United States,6/15/2022,Premium,Television
7d646bfa-3f26-4994-a499-522a761e56bb,Jakob Crosson,96,Male,Mexico,2/16/2023,Pro,Mobile
73ded192-638b-452b-8a2a-9dc29eb86d31,Carrie Reeder,100,Female,Peru,9/20/2022,Premium,Desktop
94cb9797-8b56-4395-8302-8a32cb124b4b,Viva Dubble,46,Female,Nigeria,5/14/2022,Pro,Television
69077ba4-e2ec-41b8-a655-aa69e424f790,Jocelin Allmann,1,Female,Mexico,11/19/2022,Pro,Mobile
67f15518-7993-4cbc-9418-ceabdc8d6515,Eddy Biddleston,85,Male,China,2/13/2023,Premium,Television
18ac6bfc-90fa-4caa-8597-5c9f31a5d578,Saxe Cristofalo,42,Male,China,11/23/2022,Premium,Mobile
8afb509a-cc34-4c83-954e-1da484a9a77e,Galvan Jeffels,42,Male,Indonesia,2/3/2023,Pro,Desktop
68907998-0e60-408f-b019-8dcf263af5a9,Rosanne Canet,25,Female,China,6/21/2022,Premium,Television
9864babf-b67f-4ed1-8954-d639d92ba8fd,Hendrick Kersaw,99,Male,Canada,5/19/2022,Super,Mobile
24960956-aa87-473c-87db-8dd8fb7a9e9f,Eamon Caherny,4,Non-binary,Sweden,11/12/2022,Premium,Desktop
b6fd50f5-6e76-4a68-ad67-95a502887c18,Diannne Pierson,43,Female,China,12/17/2022,Pro,Desktop
a7468f78-517e-4198-a0fb-e47ea9a65bed,Weidar Gathwaite,52,Male,Belize,4/15/2022,Premium,Desktop
290171ce-794a-4b54-8dc0-f96ed9be24b8,Nikolaus Burgise,51,Male,China,9/9/2022,Super,Desktop
04fa2189-baec-4ca8-9bad-fbce12535617,Mackenzie Lackey,68,Polygender,Czech Republic,11/24/2022,Premium,Desktop
79b72a00-c705-47c2-8dc6-e7b6f55112c6,Rozele Shew,75,Bigender,Brazil,10/13/2022,Super,Mobile
6e9fd362-3564-4c8f-8862-1b0ee82f1cb1,Clare McVittie,100,Male,Slovenia,4/23/2022,Super,Television
93b03588-aae6-4be3-9fa9-2b4d58b58fea,Alicea Dingate,90,Female,Argentina,4/14/2022,Premium,Desktop
6db96c05-8d5e-4fb1-a946-d7ead737a3e9,Ki Licciardo,66,Female,China,4/15/2022,Premium,Mobile
7f5f71bc-b2e6-4163-a52d-a910348a5249,Muffin Turfrey,47,Non-binary,Argentina,4/9/2022,Super,Mobile
54ab93f8-c5f0-42b7-9d15-936e443a602e,Sonya Santo,97,Female,France,6/7/2022,Pro,Television
6cbd7bce-1c6f-4e1a-beac-39c181534de1,Powell Gadsby,14,Male,Egypt,10/4/2022,Super,Desktop
dc0f279c-a01b-427b-9a3a-644fee7c0e60,Angelita Hallin,97,Genderqueer,China,6/1/2022,Super,Mobile
6726256d-b32b-496a-8c39-dec00045433c,Verney Laetham,44,Male,Venezuela,12/13/2022,Premium,Desktop
692e7268-34c7-420b-a0be-1328d33b249c,Avril Garron,24,Female,China,4/18/2022,Premium,Television
3af2d909-658f-4eff-b714-ab798c670a91,Adina McGarrie,46,Female,Greece,9/25/2022,Super,Mobile
584a36fb-f237-4a91-be85-9f9e4b3999a6,Ryan Thay,39,Male,Portugal,4/10/2022,Premium,Television
4bb9d555-46e5-4ba1-8fe6-1f9ced62ca38,Gwenni Pavie,83,Female,Vietnam,10/10/2022,Super,Desktop
9866696b-0839-4ac3-82d3-7eb2795260c6,Inness Manass,61,Male,Russia,11/5/2022,Pro,Television
c7e1d441-dbb9-4b66-8097-4f3a2ea58041,Verla Wetter,54,Female,China,10/1/2022,Pro,Desktop
ac624089-aa8d-493f-8a6b-9bb2087c65e1,Graeme Sheehy,73,Male,Israel,3/21/2023,Premium,Television
a30a7177-e1a6-42bd-b2dc-cf578b39d4e8,Angelia Ebbett,59,Female,Luxembourg,1/13/2023,Premium,Desktop
6aa503c8-25bd-4f12-bfd8-e4648ab97512,Madalena Izacenko,66,Agender,South Africa,12/20/2022,Super,Mobile
bc7304b7-7f7f-4f90-82f2-c219b5f1b3b4,Isacco Westgate,89,Male,Poland,5/21/2022,Premium,Desktop
a62c8202-1fdc-4fe1-aa58-c62b4850e943,Lainey Livezey,48,Female,Russia,2/12/2023,Pro,Desktop
88eb6754-0e05-4154-8cf4-a39a9c45e4b0,Reinwald McKeown,48,Male,Brazil,4/2/2022,Pro,Mobile
95afa081-8b77-4665-9e64-bb5fcc9084ae,Marcia Koppeck,72,Female,Dominican Republic,10/16/2022,Premium,Television
eeeacca3-1563-4562-ae85-2e159e52399b,Duff Candy,37,Genderqueer,Morocco,10/21/2022,Pro,Television
c3ad12ac-3bca-4655-89ae-13fc7ddef518,Glenda Vise,12,Female,Philippines,3/30/2022,Super,Desktop
7b5998e3-abe5-476d-90d0-22c7ab9514ba,Blanca Fumagalli,59,Female,Portugal,9/1/2022,Pro,Desktop
c4c667a7-6352-40ec-a7a8-73f29c470bbc,Andris Stebles,82,Male,Estonia,3/29/2022,Pro,Television
52458669-c75c-47c5-b4f1-00b618173c6c,Oran Sincock,31,Male,Russia,9/20/2022,Super,Desktop
c44ddf4c-d699-482c-b08b-b1d53ef8d2b7,Maudie Magister,67,Female,China,8/10/2022,Pro,Desktop
126fd7de-347f-4285-8bfe-16d4cd88a970,Karmen Deacon,64,Female,Cameroon,2/20/2023,Premium,Desktop
582113e7-cc42-45a7-88ef-d2214afff9b2,Gerry Barnham,28,Female,Philippines,6/1/2022,Premium,Mobile
f35ed992-f660-4560-a204-4a5aa602f6db,Pavla Lindenstrauss,97,Female,Ecuador,7/12/2022,Premium,Television
59a8ed1d-a062-4134-9014-7213a0604526,Allys Janks,20,Female,Portugal,7/1/2022,Super,Desktop
eb9413a7-c999-4a8a-accd-fdd1890a6b17,Thoma Floyed,67,Male,Indonesia,12/3/2022,Premium,Desktop
d8d95685-e39b-4c29-a4e8-1059fd5d84cd,Betti Deport,97,Female,China,1/29/2023,Pro,Desktop
a9eddfc7-6ba2-4de3-a3fc-974743c26bcd,Galvin Dellar,17,Male,China,12/2/2022,Premium,Television
d6f51531-26c7-4f44-bae0-389c74b4b218,Faber Rickford,44,Male,China,7/18/2022,Super,Desktop
a1194578-c07e-40f2-a4aa-f761f57bb0b1,Peterus Cunnow,50,Male,France,10/18/2022,Premium,Mobile
b324834a-ea62-419f-8fef-35d3f5ed85dd,Ezri Riguard,19,Male,China,12/22/2022,Super,Mobile
13603e6e-94ca-465e-be5b-f56f82dce92b,Scotty Botham,56,Male,Nigeria,4/30/2022,Pro,Television
3e726ce7-f117-4f4b-9575-c10cc6817431,Persis Sculley,44,Female,China,12/9/2022,Pro,Desktop
510080c5-2193-4c61-8fb9-ab10cc664904,Pandora Hartnell,96,Female,Philippines,6/14/2022,Super,Mobile
d8b7a8dd-65ff-40e8-8a2d-05134d78783c,Brunhilda Borzone,63,Female,Sweden,9/6/2022,Premium,Mobile
8c4e84b4-4be3-49eb-8850-7c1bdb613291,Dorthy Kedslie,80,Female,Greece,2/13/2023,Premium,Mobile
c7bbe438-43db-47b8-a99c-9c695e19cb9a,Kelci O'Keenan,92,Genderqueer,Morocco,1/1/2023,Premium,Television
3d12b86c-2778-4dbd-bf39-cd22327ec8c8,Hobard Schindler,90,Male,Iraq,6/4/2022,Pro,Mobile
e8c256b5-fd89-4950-a263-2e9f9a50f666,Wrennie Laurie,31,Female,China,5/10/2022,Pro,Mobile
bd34f82a-1e19-4b20-b29a-1736d9ab209c,Maddy Grayshon,53,Male,Colombia,8/29/2022,Premium,Television
eb1347b7-7d51-4984-9e5d-fd872fdcb55c,Raynard Leneve,89,Male,China,12/8/2022,Pro,Desktop
201806de-ab76-4d45-8e95-68a27a3c65d8,Kermy Chansonne,26,Male,Brazil,7/28/2022,Premium,Television
3485ca71-83df-4f79-8495-90f70c2f8645,Cassandry Radden,12,Female,Tunisia,6/1/2022,Pro,Television
0dd24244-461b-400b-96ca-c76a8e9da647,Archibaldo Chopping,85,Male,Serbia,6/9/2022,Pro,Television
609fc215-91d2-4fd4-967d-736a6b565a39,Dulcinea Parke,4,Female,Indonesia,9/9/2022,Premium,Desktop
b76a6669-9683-4026-a54d-8c16ecbffdec,Laurette Filer,19,Female,South Korea,11/14/2022,Pro,Mobile
0702ecff-3677-4552-a232-e78e36affc30,Carlie Rodolico,50,Male,Philippines,4/8/2022,Super,Television
194faddc-2adf-4005-898b-a93dd4e86a6d,Burtie Asprey,45,Male,Argentina,7/29/2022,Pro,Television
fab88b7b-2345-4cd2-abb3-61b0b6016b76,Sibley Burmingham,44,Female,Peru,7/8/2022,Pro,Desktop
50da2eea-df56-470e-b6a9-6ae93ced71e2,Brittan Dufore,95,Female,Indonesia,10/6/2022,Super,Television
46e4f889-9c7a-409c-8a3f-e44d5fb1c391,Mickie Ianne,37,Male,Russia,11/5/2022,Pro,Desktop
aaac7686-878e-4e61-a670-c238b7eae1ea,Nita Sunner,88,Female,Ukraine,5/10/2022,Pro,Television
9524dae3-9855-4fa0-b752-93937b78929a,Brita Keatch,73,Female,Indonesia,12/4/2022,Pro,Television
d033a758-6ca0-4589-bf34-ba3b65210d71,Rivkah Thirwell,79,Female,Russia,10/20/2022,Super,Television
ec4d34bb-ffca-4a3d-a153-058d85e82959,Verla Licciardo,35,Female,Australia,6/30/2022,Pro,Mobile
abfc2e50-bc51-4ab1-9b4d-0440e50574db,Cullen Jermey,48,Male,Portugal,8/20/2022,Super,Desktop
1b6021af-def1-4a98-b3fb-7dc0e6f0502e,Adella Verheijden,65,Female,Cameroon,5/5/2022,Pro,Mobile
9ba916b0-3fe7-454c-a923-e37cd9db0cbb,Grayce Potte,20,Female,Philippines,9/30/2022,Super,Television
b3d16ce8-8b84-4d5c-9a6d-65643f3ff0f0,Aidan Dibley,54,Female,Portugal,3/10/2023,Premium,Mobile
a1ba3a1a-6cbf-4401-94b8-56d6a388a67b,Lauritz Reedyhough,10,Male,Sweden,1/6/2023,Premium,Television
bfd4b724-2adc-4b6d-bffe-ee1d31c7b367,Brear Tinmouth,22,Female,Brazil,12/14/2022,Premium,Mobile
2816cfad-ecdc-4cdf-a829-dda82ecd4b12,Granger O'Meara,44,Male,Afghanistan,4/27/2022,Pro,Mobile
31407506-de51-4208-8086-86ac9c0d2fe6,Codi Whitsun,38,Female,Canada,9/24/2022,Super,Television
045d679f-0f55-4ca6-84af-b77c6b57f966,Elwira Gipp,90,Female,Indonesia,2/9/2023,Super,Television
6edc05fe-703c-4f4b-8602-d32d3a3187aa,Mireielle Wellan,49,Female,Indonesia,9/9/2022,Pro,Television
5409cd34-7153-4b84-86c6-f36a4b9d4a6d,Elaine Rohlfs,51,Female,Botswana,12/3/2022,Super,Mobile
ed26ef9d-cf10-489f-b7e3-10428def162b,Merry Tither,84,Male,Myanmar,7/15/2022,Premium,Desktop
ac12d908-0db6-47d4-bde0-ae9bcc82c3b0,Alvis A'Barrow,99,Male,Philippines,10/21/2022,Pro,Desktop
11ea79a7-0b87-4561-87a8-b74ca248bced,Connie Stallen,57,Female,China,5/12/2022,Super,Mobile
d761ce9f-8c59-4c27-8a9f-282fbb2d4908,Erin Pietroni,62,Female,Indonesia,12/11/2022,Super,Desktop
2acb9c59-191d-4d75-84e2-3cdd9771fff5,Gearard Criple,4,Male,Poland,5/12/2022,Premium,Television
15a31f8c-725f-4a91-9cad-bef2f529c988,Xavier Dolby,21,Male,Brazil,4/20/2022,Premium,Desktop
d2552890-bf20-4412-b465-138433c6ca5f,Abdel Raise,22,Male,Ukraine,9/8/2022,Pro,Desktop
0b57030f-41a6-4850-ae48-484a3120845b,Alyce Unsworth,64,Female,Latvia,5/23/2022,Pro,Mobile
7ea5754a-086d-4e34-8f6b-db4c7ec5a391,Ianthe Hegden,50,Female,Ukraine,2/13/2023,Premium,Desktop
b2a715ca-da79-4a49-9821-b712e6c50216,Wilhelmina Bonnefin,42,Female,Ukraine,12/27/2022,Super,Desktop
f180fbfc-42f0-430e-881c-1ecdc9b4d825,Corine Aleksic,96,Polygender,United States,12/10/2022,Pro,Television
804e0171-4291-4784-a66e-6f2a6855b014,Sacha Bramble,21,Agender,China,8/27/2022,Premium,Desktop
13f2a8ca-06fe-4c2a-9006-2f8c4b4b69c8,Vanna Cotman,13,Non-binary,Indonesia,11/18/2022,Super,Mobile
e5fb9702-d645-4870-9e89-6826a8fbb16a,Amalia Wilcocks,78,Polygender,Brazil,8/1/2022,Premium,Mobile
09ddd969-bf7c-4dd9-8b68-8f0fa724816b,Anabel Northeast,57,Genderfluid,Sweden,9/14/2022,Pro,Television
6fc7c275-8098-4213-a7dd-348f612a2317,Gilbert Fierman,16,Male,Indonesia,1/14/2023,Super,Desktop
2630a254-16ea-444d-ab99-821a7276e77f,Kass Andriveau,97,Female,Paraguay,3/27/2022,Super,Desktop
ace64480-9ab6-4551-b4c9-36bd871d73e5,Dorry Urwen,55,Female,Switzerland,7/22/2022,Super,Desktop
1b7ddcf8-c910-481d-aeaf-26ba05cfa8c8,Batholomew Adelberg,74,Polygender,Colombia,8/7/2022,Pro,Television
b65968b8-4eac-4b65-82bc-eeb13b1b58ec,Chrisse Tappor,9,Male,Indonesia,7/25/2022,Premium,Television
c6f6025d-9032-44df-8059-c14777804405,Madelin Dilnot,61,Female,China,11/16/2022,Pro,Desktop
c1df6b57-5ae8-490b-a167-30a082b52e77,Fredra Righy,90,Female,Russia,10/13/2022,Super,Television
516f5a5e-2713-4a68-95b5-6061cc74c621,Charil Annis,73,Female,Indonesia,5/7/2022,Premium,Desktop
e868aead-0ffe-41af-bf47-6ce5614eac8b,Arin Rudsdale,61,Male,Nigeria,3/28/2022,Super,Desktop
a3304041-0976-4ec5-861c-4cd44d9ae0b9,Rowney Lofthouse,1,Male,Russia,6/21/2022,Super,Television
071e3cde-46d0-48e7-bafc-4f36b185508a,Gilbertine Beckmann,2,Female,Colombia,12/6/2022,Premium,Desktop
f0e1b300-2a74-4dfd-8603-78fed84ff659,Melony Parades,6,Female,Democratic Republic of the Congo,9/6/2022,Premium,Mobile
ef9f278b-cec7-491b-9273-28fd9a87bab0,Mirilla Hawkshaw,58,Female,Thailand,9/12/2022,Pro,Television
1067f2c2-1636-4914-bc9f-97a2972a8373,Trudie Iveagh,56,Female,Iran,4/21/2022,Super,Mobile
cecb94b7-6cdf-4f71-ab69-17d4d07506e6,Thaddus Townshend,61,Male,Lithuania,2/28/2023,Pro,Television
d446067b-18eb-4818-a8e6-3c7beabc5d4a,Candide Weedall,7,Female,Sweden,1/4/2023,Pro,Mobile
425cd89b-2100-4a56-98ad-a9ae56f2b01c,Esme Delaney,24,Bigender,China,9/12/2022,Super,Desktop
f254f137-11f3-4115-9f36-63b40706afa7,Myrtie Couvet,77,Female,Spain,2/25/2023,Premium,Desktop
36172db0-d741-4dd7-8a51-35adc66b01ce,Edsel Francey,11,Male,Canada,5/21/2022,Super,Mobile
055ffc2d-7e65-4e76-a4ad-734281cc0f69,Regan Bangiard,92,Female,South Africa,8/31/2022,Premium,Mobile
8051a38c-c3f7-4905-8001-04b82135077e,Thomas Artiss,100,Male,China,9/28/2022,Super,Desktop
31dba40a-6760-4b82-8d6e-30ac9383897a,Haily Meins,26,Agender,China,12/30/2022,Pro,Mobile
43c02a09-cb60-47bb-82ff-91added5f6ef,Wit Lindhe,17,Male,Norway,8/15/2022,Pro,Television
f2057c97-e935-4d9a-a521-4631207ac17e,Stacey Keefe,94,Female,Iran,12/13/2022,Premium,Television
e1d7f7bb-56f9-47bd-8840-71ea54b64c5b,Nap Aberkirder,14,Male,Vietnam,7/1/2022,Premium,Television
8a01de83-a1ca-4422-9131-c16e8787f862,Mateo Sedgebeer,57,Male,Canada,9/27/2022,Super,Mobile
2286bd35-a347-472a-aae2-d7b126b7c30b,Minor Ladds,34,Male,Uruguay,10/21/2022,Premium,Mobile
3eee82d1-9bf0-4c50-9669-347722abbaf2,Suzanna Ralfe,35,Female,Brazil,5/10/2022,Pro,Television
c7e023ba-1643-4306-a1fc-bef605507758,Carolyn Mustin,39,Female,Brazil,9/8/2022,Super,Television
280cf51a-e137-45fa-978f-7050f08401bb,Rorie Sego,32,Female,Iraq,11/19/2022,Super,Desktop
a551164e-40b4-4bea-944f-4c3ff665c453,Clare Verbeke,60,Female,North Korea,12/27/2022,Pro,Desktop
6aa967b7-2a5b-4dfa-9454-1a6836ef43a2,Kriste Tamblingson,56,Female,Sweden,12/18/2022,Pro,Desktop
b6f17e1c-8dd1-487f-8ca9-e141b4334cbb,Hiram Colls,95,Male,United States,4/2/2022,Super,Mobile
4e196b14-bbf2-48a3-a65e-5bcb9ec0a953,Nikolia Faustian,13,Female,United States,7/11/2022,Pro,Desktop
8ac5a011-cc34-497b-aaba-06af2792d47c,Franciskus Lamprey,72,Male,Nigeria,12/17/2022,Pro,Desktop
ad48e582-c26e-4bc5-b2cb-5d677116c410,Bobby Mynott,93,Female,Serbia,10/26/2022,Premium,Mobile
73608e8e-239c-4f05-9248-de61d0690fa3,Seymour Vasyunkin,79,Male,France,8/21/2022,Pro,Mobile
2b2b3a68-8fa7-4d70-91e9-61008fe54d2c,Elisabeth Gerardeaux,43,Genderqueer,Indonesia,1/22/2023,Premium,Television
f90034a8-caf5-4527-a6d9-2ea2c4fc8efc,Chad Patroni,42,Male,Egypt,7/15/2022,Premium,Desktop
aa5f260e-6b24-4cfd-ada6-12459f903d57,Heddi Gledstane,99,Agender,China,3/13/2023,Super,Television
339ab56b-6a11-4bf6-9296-8d2abcc793e6,Staffard Parrington,94,Male,Russia,11/10/2022,Premium,Television
512a921d-e008-4610-9677-06dcc4ff9bf0,Angele Scrogges,93,Female,Ukraine,7/31/2022,Pro,Mobile
a65d71ff-51d3-4ff1-b17a-a3f2109e81a2,Sissie Buttrick,85,Female,China,3/10/2023,Super,Desktop
943afd24-fcda-4db2-b082-30a251e0c1f0,Katleen Paxton,99,Female,Nigeria,12/9/2022,Pro,Desktop
32ad351c-9560-4521-9b8b-3c3c0629ae7c,Gilbert Oxford,23,Male,Jamaica,3/4/2023,Premium,Desktop
bfaf965a-09ce-46ad-8846-48c1abeec8e5,Web Ropkins,25,Male,Panama,5/30/2022,Pro,Desktop
c4ab2dd2-3a26-446e-9f7d-d4af39e08d46,Wendye Chater,87,Female,Finland,6/28/2022,Super,Desktop
53afe043-9f5a-448d-b24a-73bf420f5165,Florinda Vanderplas,56,Female,China,8/24/2022,Premium,Television
c885a515-dab9-47aa-9138-1c080d3cfb0b,Piotr Maro,85,Male,China,11/11/2022,Super,Mobile
ed446cac-0f1c-4459-8944-05b6fdc6f4ea,Candra Kierans,19,Female,Sudan,8/25/2022,Pro,Desktop
2bbae9c8-1828-4111-8f72-6954b1667ce2,Gertie Whittlesee,27,Female,China,12/27/2022,Super,Television
34a5e393-f5ee-496e-b938-8dc91d88fd7f,Felipe Argont,53,Male,China,4/16/2022,Pro,Desktop
0bb1c936-51ab-4a2c-94ec-4ec7bf0fc9ca,Johny Rutland,14,Male,Indonesia,4/28/2022,Super,Television
988ba6d5-f507-46fa-9b2f-d6330ce89521,Ava D'Onisi,34,Female,China,1/20/2023,Pro,Mobile
d48b2efb-d09d-460f-8713-8a5e654a4678,Corine Kacheller,94,Agender,Brazil,4/11/2022,Pro,Desktop
ac6fc439-65fc-4457-b5d8-135ee447a76e,Denise Fer,35,Female,El Salvador,10/6/2022,Premium,Television
b6d23292-56b5-4179-8e3e-012984503c3e,Winfred Sucre,63,Male,China,6/3/2022,Super,Desktop
1dd7734d-16ba-40e0-bde7-f58a10ae428e,Cherye Guarin,48,Female,Nigeria,7/2/2022,Premium,Mobile
cad55982-da6b-48a2-8b8a-81bd005016aa,Porty Mossdale,21,Male,China,3/18/2023,Super,Television
bd85fdd0-55bc-42da-84f0-f3d702ea7737,Tiffie Lum,38,Female,China,5/8/2022,Premium,Television
4154a3f3-ea46-4199-8c89-fcfc923af53f,Gualterio Klement,87,Male,Costa Rica,5/17/2022,Super,Television
6f8e3357-8def-4451-a03a-51cd5a4c587a,Arte Sheehan,65,Male,Canada,5/11/2022,Pro,Mobile
26a20ae5-7a54-43a1-8872-bbdadce243e3,Morly Kimberley,41,Male,Japan,11/20/2022,Pro,Mobile
645b1746-a2f0-418b-a75a-3287b114b4e0,Cletis Crookshank,59,Genderfluid,Indonesia,11/19/2022,Super,Mobile
0f1b0897-8ca8-4310-8288-676862e6872f,Margy Voaden,47,Female,Mexico,12/4/2022,Super,Desktop
ae2de2cd-27d6-4fed-af89-a3d164adeac9,Tanner Fiddian,23,Male,Portugal,7/24/2022,Pro,Desktop
31ade543-1cbe-4176-a5ea-76bfbaf27c7f,Ninetta Blewis,64,Female,Slovenia,11/9/2022,Super,Mobile
486fd6ea-33e6-4fc0-b220-94e28ee7bf2e,Amandi Gwilt,68,Female,Macedonia,12/22/2022,Pro,Desktop
111bb27f-02f9-4ed4-a73e-c187fceee036,Roberto Augustin,1,Male,Czech Republic,8/3/2022,Super,Desktop
d0e09ce0-be19-48cc-ba62-72799eb511c6,Meier Burbank,60,Male,Russia,12/6/2022,Pro,Mobile
4623ee35-9a90-46bd-a21c-5cb224a958af,Virgie Beveredge,99,Male,Italy,5/29/2022,Pro,Television
54aa470f-f26b-45d0-a091-3033549a54be,Zack Elford,5,Male,Indonesia,7/17/2022,Super,Desktop
35738901-4be0-4635-a7cf-36cbd3c9d6ed,Juanita Nichol,56,Genderfluid,Czech Republic,4/25/2022,Super,Desktop
281a1b67-ee65-4a60-89a3-eac4a89d88ec,Teddi Boynes,14,Female,Afghanistan,1/20/2023,Super,Mobile
25fa3a10-9735-4692-b7e5-aaca18473629,Ashton Lincoln,14,Male,Russia,1/12/2023,Super,Mobile
34ab0ced-6081-4ef8-820b-5e21fe1ba345,Harold McAreavey,27,Male,Indonesia,3/11/2023,Super,Television
e7c6ce69-0e0b-4651-9639-1f0ffc2a56c3,Zed Margerrison,55,Male,Indonesia,2/26/2023,Pro,Television
b1bcb03d-f530-4d53-bd18-4fe8e7506e6f,Leodora Edridge,26,Female,Japan,12/27/2022,Premium,Desktop
fd8ddffd-3e77-4ee1-ab26-597b5a121f17,Ezequiel Spalton,38,Agender,Philippines,9/10/2022,Pro,Television
6a5c587f-831c-452e-abbe-a4b76661016f,Iorgos Sawter,1,Male,Canada,8/14/2022,Premium,Desktop
3c96169e-1556-453c-8158-d0ce347d92fa,Alfi Richardot,8,Female,Portugal,11/2/2022,Super,Television
e886e981-24d1-4ad1-9c97-c580508dc331,Farly Paulon,60,Male,Netherlands,2/14/2023,Premium,Desktop
4d6d6f11-2089-4aa7-aebf-b97817693ed0,Becky Raoux,18,Female,Ecuador,2/19/2023,Premium,Television
8fe949ce-7987-4615-948b-c0ab2dc2a48a,Grady Benfield,36,Male,Mongolia,11/22/2022,Super,Desktop
20f87c36-f80e-4ab6-a7c5-24a88301c29c,Hoyt Lansley,60,Male,Sweden,9/21/2022,Super,Desktop
5053cd8c-b44b-4c79-8601-441140a6ec97,Rudy Coulthurst,22,Male,Albania,9/8/2022,Premium,Mobile
6888800c-e568-40c5-bdc5-64ad5d7da387,Alene Tinton,4,Female,China,5/1/2022,Super,Mobile
00b4e1fc-1ff8-47f9-99e3-e2675cf948ad,Rafaela Janicijevic,98,Female,Peru,10/28/2022,Premium,Desktop
2c518aa1-e7ce-4ddc-a335-cbd831aac40b,Cort Massen,85,Male,Indonesia,7/11/2022,Pro,Television
6ba438f3-b1f4-47ac-a837-7cf07778dcfd,Penny Chisnell,64,Male,Russia,11/24/2022,Premium,Desktop
3fea36f6-2573-4880-babf-0f0261500842,Berne Laskey,67,Polygender,Kenya,12/26/2022,Super,Mobile
37fbde5b-9667-46ce-a74e-73d4af9edfa9,Tessy Follit,63,Female,Canada,11/25/2022,Pro,Mobile
d0f45d36-2313-467f-8235-b0da9aec389f,Skip Farn,27,Male,China,6/13/2022,Premium,Television
8b0c1472-1ecc-4cd3-b11f-5a89361634ac,Gilles Kightly,66,Male,Papua New Guinea,8/2/2022,Pro,Mobile
86fe7887-17c4-4acd-9dbd-fd173897ae30,Alissa Brunke,29,Non-binary,China,1/25/2023,Premium,Television
e51fe3dc-99d4-4d2c-9a7a-06ccc967ae17,Sloan Du Plantier,18,Male,China,1/6/2023,Super,Mobile
eb8b2c90-959c-427e-a290-24c58f009b35,Corey Priddis,50,Male,Russia,4/1/2022,Super,Mobile
f12c8ee9-18dd-4ea7-b1ae-9cbbe8f528b5,Madelina Wahner,50,Female,Germany,1/21/2023,Pro,Mobile
441dc003-e1c3-43b9-b956-1b8e1d1f6fef,Malchy Selwood,71,Male,Ukraine,8/17/2022,Super,Television
efacf85d-76bd-4bed-8e03-ad9f9e149556,Ramsay Lunney,37,Male,Brazil,11/12/2022,Premium,Television
0e302d54-d317-4dfa-a571-f8d1ca209d1f,Jamison Newlyn,80,Male,Tunisia,10/12/2022,Premium,Television
43a3adb3-0947-4758-83d9-744d28b0622e,Jorgan Peyzer,8,Male,Russia,4/11/2022,Premium,Television
33681486-9334-4b8c-a094-b316f9891d68,Michele Bugdell,70,Female,Ireland,9/22/2022,Super,Television
37bfdb92-97bd-4d5b-be5c-d06589ddddef,Timothee Bess,87,Male,Vietnam,9/4/2022,Super,Television
3f07d201-d3e0-476e-82a1-8bda80d35718,Myrwyn Denis,92,Male,Poland,6/9/2022,Super,Mobile
50d0403b-f8aa-4880-afcd-f4772336b1fb,Adelaide Machan,12,Female,Nigeria,2/2/2023,Super,Mobile
b9b36db5-8f41-4877-9119-25de9c14fe06,Sashenka Flannery,34,Female,Kazakhstan,4/15/2022,Pro,Television
808fe6ac-94e1-4c42-9463-ab6e9e1cfe92,Galvan Mityukov,61,Male,Palestinian Territory,6/22/2022,Pro,Desktop
5c07a6d2-f5d9-4f6e-85f5-f09c3e72aa54,Kristos Toman,100,Male,China,1/17/2023,Premium,Desktop
5e5a75f0-1f9c-4b52-850d-f006eba7b990,Stanwood Bull,20,Male,China,9/2/2022,Pro,Television
3dba8b01-27ba-4320-b261-aadea3103e2a,Prissie Soppit,27,Female,Russia,6/11/2022,Premium,Mobile
1c017598-c48d-401a-9411-1c22fe02c398,Karin Steane,44,Female,China,5/10/2022,Premium,Desktop
c941c25d-6678-4690-a88a-18f85543bdda,Arnold Trowl,30,Male,France,10/12/2022,Premium,Desktop
78c4aa64-989a-45f1-b99b-3cadd29d06d2,Bing Breazeall,11,Male,China,1/6/2023,Premium,Mobile
79d07b82-b677-4baf-ac36-ea506eae7de6,Juan Rawne,28,Male,Guatemala,10/25/2022,Super,Television
21764197-0cc4-416b-9a76-a607f0fd44eb,Gaylord Hadny,82,Male,United Kingdom,12/6/2022,Super,Television
3716a7a8-7517-40a0-9982-dcbd6627fd31,Bancroft Steiner,96,Male,Japan,7/29/2022,Premium,Desktop
ebd88767-3475-42ee-8174-5661a5efbd47,Moore Boddice,48,Male,Thailand,9/25/2022,Super,Television
787d3684-c8a1-4f34-a2b4-1f7afdc1b3f5,Benn McReath,5,Male,Cuba,4/10/2022,Premium,Mobile
651d83c0-eb14-4fd2-aade-91c6fe358fd1,Kandy Leroux,37,Female,China,3/11/2023,Super,Television
22abf8e4-f7a9-4a29-895e-1f4e16b9cf19,Merrily Turbitt,22,Female,Peru,8/9/2022,Premium,Television
5475005f-4c22-447f-afa4-c01283fe9ffc,Zita Curds,26,Female,Indonesia,12/27/2022,Premium,Desktop
2c46fa1a-e948-4921-bc07-47a200b306e2,Koral Rieflin,55,Female,Indonesia,5/17/2022,Pro,Television
31a45dc3-373d-4f75-8f63-aa29a283f41c,Mitch Vedeniktov,58,Male,China,2/10/2023,Super,Television
6071aacc-0e2d-463c-8e4e-6da4e3981267,Melosa Saberton,18,Female,Brazil,9/1/2022,Premium,Mobile
8cd00eab-1b0f-4371-9ad6-a29a58e490d9,Fielding Wickmann,70,Male,Argentina,10/24/2022,Pro,Television
567b335a-d02a-494d-a9c1-4acfbdba5a24,Leena Desforges,30,Female,Djibouti,9/26/2022,Super,Television
bcdba353-d1cd-4621-87ea-9e9589b2c822,Mic Prydie,44,Male,Philippines,6/20/2022,Super,Mobile
72a40745-3b3e-48d7-92cf-b72f0fe5d00b,Hyacinthie Checci,35,Female,Paraguay,10/13/2022,Pro,Desktop
144f737b-0721-446b-bb03-472265ab0f45,Yasmin Troy,10,Female,Russia,11/27/2022,Pro,Desktop
41ef1c37-5236-4aa4-ac57-c7197bc2c54c,John Wilsher,86,Male,Czech Republic,9/17/2022,Super,Television
9de5e256-ba16-4a25-acdd-72f99b676874,Alwin Lowin,85,Genderfluid,Argentina,3/2/2023,Super,Desktop
3f022d04-3ca0-4bf3-a03b-c0de8ab0b87a,Jareb Muston,47,Male,Trinidad and Tobago,6/27/2022,Pro,Television
46192f53-2b90-4049-9a35-0f6b623e4b0c,Moishe Shoreman,83,Male,Nepal,10/24/2022,Super,Mobile
367187f0-5f9a-4014-b4e8-4d91cbc699a8,Ogden Lightbody,23,Male,Hungary,11/22/2022,Pro,Desktop
14b0f2f8-baf3-42e6-85df-7121e1965e98,Brinn Upfold,81,Female,Ukraine,6/16/2022,Premium,Television
5daaa917-40bb-4abc-871f-d94a5f8ddc2e,Gustavo Paolone,63,Male,Sweden,12/4/2022,Premium,Mobile
bb1027cd-14be-432a-b413-ef8b70b4db49,Raynor Skidmore,32,Male,Uruguay,2/26/2023,Premium,Mobile
3e277c84-7dd5-4789-bde6-0a87e4298b9b,Sterne Sollis,18,Male,Indonesia,4/23/2022,Super,Television
a471f8a1-f6fb-48f3-8cee-862a6269a40f,Jasun Shearsby,21,Male,Slovenia,4/18/2022,Premium,Mobile
0dcbbc1c-c881-4beb-9f54-e77c4023310a,Job Spohr,29,Male,Portugal,11/4/2022,Pro,Desktop
1d47c220-ad5d-414e-92ae-414af48c5292,Silvana Adlem,22,Female,Indonesia,3/14/2023,Pro,Mobile
dcdacbde-0cbf-4d54-8db0-9d79e522a47a,Bat Butlin,27,Genderfluid,Cameroon,6/13/2022,Super,Mobile
360f5949-332d-44d3-b249-ba01e6b9f754,Harrietta Keenan,74,Female,China,12/29/2022,Super,Television
03291aa5-5d58-4418-957b-b19b502b5677,Lowrance Rickardsson,32,Bigender,Indonesia,7/21/2022,Super,Mobile
12e07096-8d23-4774-a2c3-0f1b3b8b22be,Fanchon Marchelli,37,Female,Bulgaria,6/23/2022,Super,Television
4d9719bc-fbcb-4591-ae00-7b2174e045b1,Ardra Edlestone,76,Female,Canada,12/19/2022,Super,Television
60f45218-2358-4104-a7a2-0071607375d0,Guntar Oppy,13,Male,China,3/17/2023,Pro,Desktop
20f50958-395a-4550-b820-663a219973a4,Anastasia Fligg,90,Female,China,5/15/2022,Pro,Desktop
6ab9323c-12b4-444f-b479-4e33a09a80c4,Tobi Farens,99,Female,Czech Republic,5/7/2022,Pro,Desktop
302f944e-8715-4c16-98de-633d482533f1,Dominique Pelcheur,62,Female,Panama,2/24/2023,Premium,Desktop
99612fa8-d0fa-4da4-86a6-2d6e3ace7985,Orrin Dozdill,79,Male,China,3/24/2022,Super,Television
f538d411-69dc-4fdf-b5e1-4d9e4c39b32a,Rudiger Linnemann,100,Bigender,Portugal,8/29/2022,Premium,Mobile
6e859b4f-d81f-4212-b0a9-897368f5b5d0,Skylar Cheine,78,Male,Finland,12/10/2022,Premium,Television
e6cef275-8457-409f-a1d5-790ef9b4abe3,Casie Grinin,26,Female,Libya,7/16/2022,Super,Television
0a8d01bf-6cac-4dbe-bd26-a24efdb44450,Tessie Palliser,11,Female,Moldova,10/24/2022,Premium,Television
e5b077e7-ff1f-456c-972b-20f4707921cc,Wandie Tavner,77,Female,Poland,6/29/2022,Super,Mobile
9102d65d-8048-45c0-b63a-a8301f4dcf53,Fidole Spilling,88,Male,China,4/11/2022,Super,Television
bba6f205-d07f-4516-a1fc-0d4490db961b,Rockwell Gally,81,Non-binary,Malaysia,4/18/2022,Pro,Television
2e952562-386f-4b02-b1b1-77f042356c0a,Georgeanna Lenoir,48,Female,Guatemala,7/19/2022,Pro,Desktop
9dcd89bf-8a51-403b-8466-97758ac87e03,Anjela Alekseev,96,Female,Samoa,8/24/2022,Super,Desktop
802725c5-2d17-407c-948b-f3d19c01a5e5,Filia Keaton,31,Female,Japan,1/20/2023,Pro,Desktop
b5dcaaed-f459-400f-9114-e1038a4933c8,Arleyne Steven,21,Agender,China,1/21/2023,Premium,Television
0420ea32-ad1f-44d8-acd7-fd49e026dc5f,Lishe Roggieri,11,Female,Brazil,2/17/2023,Super,Desktop
56aa8da3-7a04-44fd-9c7e-e54e58a51512,Alisa Leggate,13,Agender,Indonesia,12/15/2022,Pro,Desktop
51ae9037-c45e-4e3d-bc0c-4165cb3e773a,Clementina Celes,92,Female,Russia,11/28/2022,Super,Desktop
d492f61b-154f-4ce2-86f6-b7b2456c6a35,Bobbi Geelan,82,Bigender,France,2/26/2023,Pro,Desktop
1080d5fb-822c-482a-a0d5-523547f6d730,Sarette Brehat,35,Female,United States,12/6/2022,Premium,Television
3ee14d7f-e767-4b20-9f5e-8fe6619020c7,Kerr Scartifield,1,Male,Czech Republic,10/17/2022,Super,Desktop
03072aea-0db7-4ed0-889f-1d5c7f752480,Duane Schustl,75,Male,China,11/4/2022,Super,Mobile
8485677d-c7a5-4f3a-af9d-ebf686536e6c,Morley Sterman,52,Male,Indonesia,8/4/2022,Premium,Television
7168f7c7-b74a-443e-b578-920e0daa91bb,Price Mungan,86,Male,Brazil,4/23/2022,Super,Mobile
b2846e81-0937-4d91-be6a-a19412905903,Bjorn Simonazzi,10,Genderqueer,Slovenia,3/15/2023,Super,Mobile
c902e84b-f752-4543-953a-9d88dbd7413b,Angela Bootman,51,Female,China,11/2/2022,Super,Desktop
1599f67f-2cb4-4a5b-b753-c91c5ff1fe31,Torey Dinsale,16,Genderfluid,China,4/2/2022,Super,Desktop
4462f174-2d22-419b-914d-d8a9f72aa603,Carter Aireton,41,Genderqueer,Thailand,11/10/2022,Premium,Mobile
f7554dbf-0ae6-4187-8481-c39422d8ccec,Ulla Portal,2,Female,China,6/17/2022,Premium,Mobile
d8b0dae2-04e4-45e5-a0d0-e74fb9ca7df1,Simon Skilling,56,Male,France,1/17/2023,Premium,Mobile
483b3c54-2806-4efb-8e8d-08d3dd040fbe,Darelle Andresser,75,Bigender,China,5/17/2022,Super,Television
14fa8c07-eda8-425c-bda3-c5256ce258a8,Margalit Hallas,40,Female,Indonesia,6/19/2022,Super,Television
7017882b-65ed-41f8-b4ee-359811d11bba,Harlie Nunnerley,14,Genderfluid,Russia,11/8/2022,Premium,Mobile
14bd2281-a32a-4b47-9d9d-f41e69bdb7dc,Sianna Coltman,60,Female,Brazil,7/20/2022,Pro,Mobile
17b1e111-97f1-4854-98c3-e181266b4d98,Morey Dreinan,77,Male,China,7/14/2022,Super,Desktop
f612f8d2-8359-4c5b-a7aa-1ccf3b779af2,Josefa Scurrey,81,Female,Poland,10/6/2022,Pro,Television
b9b7ec73-7746-447e-a5f8-1ed774c0f336,Berry Burnep,61,Female,Thailand,5/26/2022,Premium,Television
f93e2b76-363d-4e69-a9bc-cfb0e10f0338,Eachelle Radsdale,89,Female,Ukraine,10/9/2022,Pro,Desktop
75a3316e-7401-4bed-845a-f38f70634a34,Jasmina Averies,100,Female,Vietnam,12/17/2022,Pro,Television
b58588d9-3947-4858-aeb7-fa036b300ff7,Ozzy Leavold,6,Male,Russia,8/13/2022,Pro,Mobile
a5e98c75-fcb2-4745-b558-c47dbdf97a20,Juliet Wallsam,80,Agender,Indonesia,3/12/2023,Premium,Desktop
115c47c0-2d66-457e-8c5d-82fcef9fd811,Edgar Meeus,76,Male,Sweden,5/10/2022,Premium,Television
c79539ca-c05b-4604-8c3b-c6a5904d62fd,Brunhilde Casino,31,Female,Russia,7/16/2022,Premium,Desktop
a3151c03-89af-4066-b09e-0787b6df4d2c,Florence Botha,30,Female,Czech Republic,3/14/2023,Premium,Mobile
037baf3d-0b17-4689-9171-e6cc9c782b0a,Grace Lashmore,86,Male,Argentina,8/13/2022,Pro,Television
7414983f-5317-4731-af97-dab786b9347b,Christoper Maiden,50,Male,Indonesia,8/26/2022,Super,Television
74c023d3-4fd8-49af-b39c-75112d4bb111,Ethelred Schimank,88,Male,Vietnam,3/17/2023,Premium,Desktop
f0d61ed2-51c5-4e25-a10a-8c3a09fc3148,Gus Schott,100,Male,Poland,8/17/2022,Pro,Television
44236a40-894e-496d-a447-ecab9f1cefd5,Charmion Norrie,32,Female,Niger,5/19/2022,Super,Desktop
19912ed0-a8e7-460d-ae7c-47b085d22ad7,Ailsun Noirel,32,Female,China,6/29/2022,Premium,Desktop
c2605318-6727-4994-b6b7-f1b18773a214,Delano Flowerden,12,Male,Greece,4/4/2022,Super,Television
8cf49351-bc6d-4d49-9120-7dd7fa88facb,Othelia McCue,87,Female,Cuba,9/16/2022,Pro,Television
23b38c23-d844-4674-b006-5d2e13fc9394,Field Cheatle,23,Polygender,Bosnia and Herzegovina,9/22/2022,Super,Mobile
7891488b-bfb3-4ae0-948e-eeb599535f7c,Mellisa Sinderland,49,Female,China,4/25/2022,Premium,Mobile
7a4e59fe-d7c4-4537-929b-0bc6a23fe4b2,Liuka Collinwood,71,Female,China,3/11/2023,Premium,Mobile
89c1587f-99fa-45d4-807e-d83da127540f,Kellen Collard,22,Female,Venezuela,10/13/2022,Premium,Television
4fb6cf2a-7ebd-48af-a2ed-8584bcbf4713,Kori Crandon,83,Genderfluid,Spain,12/7/2022,Super,Mobile
5c5eeb2b-49a3-4848-9eb8-f0fd3f2fac28,Delly O'Hengerty,59,Female,Philippines,5/24/2022,Super,Mobile
209f9a0c-f533-4300-8a92-39c9f6c16bdb,Abie Pieroni,12,Male,Indonesia,6/28/2022,Pro,Desktop
90079a2d-0a0b-4a05-b40c-13f12cea2f2a,Reinhold A'Barrow,3,Male,Azerbaijan,5/1/2022,Super,Desktop
a7509df3-4724-4c27-88b2-ca55a13d30a9,Gilburt Truran,97,Male,Madagascar,3/18/2023,Pro,Television
e09d2510-99e9-4b9b-8746-fdba46265f83,Tedmund Fillingham,42,Male,Vietnam,8/4/2022,Super,Mobile
471ad172-44ac-48ce-b0c4-fdba70f6b93e,Cameron MacMickan,90,Male,China,12/24/2022,Pro,Desktop
aa706e78-7542-46e2-8fc0-e7eed5f861d3,Donny Dugmore,66,Male,Sweden,12/11/2022,Super,Desktop
208db1f1-499a-4fa7-a825-13eb43b68a07,Happy Dalley,49,Female,Mongolia,3/8/2023,Pro,Mobile
ba766b2b-6fdb-47f2-9135-d2de602e6379,Forrest D'Orsay,64,Male,Brazil,4/4/2022,Super,Desktop
2f270463-71d8-4952-8a26-5b33520100e0,Valeda Gotthard,6,Female,Barbados,2/24/2023,Super,Television
175a9691-04c4-4730-9e92-9c183150ca5f,Sollie Chappell,62,Male,China,3/21/2023,Super,Television
4131dbfd-3e4b-43eb-9dc7-2be3e2b6d18a,Jamil Speeks,9,Male,China,5/31/2022,Pro,Desktop
1c5fb395-4f64-4f6e-9147-30c523e69eb5,Stanfield Sturch,34,Male,Yemen,2/5/2023,Super,Mobile
63b19150-0b63-4bf0-bd3b-a4dcdee1efa2,Erika Patton,6,Female,Philippines,1/21/2023,Premium,Desktop
6aa0ef56-6e46-45cc-b17b-58c894f322e4,Derrik Minto,60,Male,Reunion,3/17/2023,Premium,Television
867822cc-9427-460b-b4a7-b9dddf6f93fd,Alisha Whitehurst,25,Female,China,11/1/2022,Premium,Desktop
c739930e-b19f-418b-9336-2494b89c35f8,Charlene Blanckley,82,Female,Sweden,8/3/2022,Premium,Mobile
b38e6d2f-45b7-4b59-84d6-ade0fde16c2c,Corney Mustard,57,Male,Russia,11/13/2022,Super,Television
7bb28fd4-0ed3-4dab-a366-eb561f160d82,Lissa Szymanski,65,Female,China,5/11/2022,Pro,Mobile
7e2f4ad9-16e9-4304-a1a7-8537015a754c,Micaela Gile,66,Female,Nigeria,1/4/2023,Premium,Desktop
1d00d036-4e21-4fb0-9696-8b29fe8649cb,Simonne Maggiore,47,Female,Indonesia,4/26/2022,Premium,Mobile
534bd66c-6ca0-4b2d-b12c-b63194741b0b,Kalle Roze,11,Male,Democratic Republic of the Congo,11/14/2022,Super,Mobile
56388196-b67f-470a-95fd-f15da48e5d40,Glynn Balls,80,Male,Ukraine,10/12/2022,Super,Mobile
e674da91-1a7f-4d03-ac5a-7125ef84382f,Pearline Witcher,59,Female,Dominican Republic,12/20/2022,Super,Television
96ff5cfe-adb8-4a94-989c-be8007c4efe7,Nicolle Tanfield,90,Female,Senegal,4/20/2022,Super,Desktop
7ff22020-c2ec-4840-a461-c21c367c9a17,Jody Cristol,48,Female,Russia,9/29/2022,Super,Mobile
aa52a0fb-6b14-4861-8cff-fd11611fa744,Willi Georgiades,14,Male,Serbia,12/3/2022,Premium,Desktop
73db3d68-23bf-4495-af38-6413c50d03d3,Nan McPhelimy,47,Female,Malaysia,2/16/2023,Pro,Television
57815ab0-350b-43d8-933e-e72a83a0f9c7,Heywood McOwen,80,Male,Indonesia,9/15/2022,Super,Desktop
3f409fd2-5cc0-4657-88da-bcf64154eae5,Sawyer Monument,12,Polygender,Sweden,11/10/2022,Pro,Desktop
5212cdb2-2ab4-4708-99f9-745074c3dbfc,Germaine Sheivels,23,Female,Brazil,10/29/2022,Super,Television
acb1072b-ba66-4089-9c3e-f229fdc87dcf,Justis Springtorpe,54,Male,Guatemala,3/6/2023,Super,Mobile
33e13903-c6dd-4d54-975c-0fefab61aa41,Mohandis Karadzas,22,Male,Syria,9/22/2022,Premium,Television
70ae92c0-d996-4637-aef3-0bea509ccea8,Thurstan Ludlamme,71,Bigender,China,1/24/2023,Premium,Desktop
6ef91423-0a42-467a-b736-23e44ddc65d1,Gayel Brader,83,Female,Philippines,9/3/2022,Super,Desktop
a2b1296b-96f8-4955-99dd-cbe38bf6f5d8,Gavan Shirer,92,Male,Norway,7/19/2022,Premium,Mobile
56c710d4-39c3-47b5-b908-16c09a3ca688,Ferdy Devany,80,Male,Thailand,6/8/2022,Pro,Mobile
b80a6547-6d3a-4715-9a5f-2e38087fa1a7,Corabel Reymers,98,Female,China,6/2/2022,Super,Television
5fe9f807-d52d-4684-814b-64e9904d145d,Price d' Eye,4,Genderfluid,Malaysia,11/1/2022,Pro,Desktop
6e3fbe39-f3db-44c2-a4a7-71c92c3869c3,Selinda Agerskow,26,Female,Czech Republic,4/12/2022,Pro,Television
5deca655-4c1e-4c27-96b1-b2a7fde11108,Montgomery Pfeiffer,70,Male,Tanzania,5/1/2022,Pro,Mobile
de7cfa38-fd52-4214-8e33-c5b88cae2b7b,Debera Cattemull,35,Female,China,6/9/2022,Pro,Desktop
385ad8bd-266b-4cde-9ee2-25d0346d6ee7,Isabella Hallowell,24,Female,Brazil,9/17/2022,Premium,Mobile
baa92aff-c02c-4a39-bbe6-26f59b5dabcb,Laney Fetherstonhaugh,5,Male,China,11/4/2022,Super,Television
04c193c2-75ab-4955-96fb-f967a1fd6b2c,Cherish Drayn,46,Female,China,2/20/2023,Pro,Desktop
ccb15d75-1a80-4bae-b612-5bfbc8ac20f3,Helsa Ferruzzi,17,Female,Philippines,1/28/2023,Pro,Mobile
d9e206da-f14d-4493-9f85-6ed0c5a99148,Tabbi Birtwisle,42,Female,China,1/21/2023,Pro,Desktop
f63bad14-b521-4c4f-8daf-59be82645343,Shawn Sherrocks,22,Male,Dominican Republic,5/5/2022,Pro,Mobile
37b2329e-102d-4ad4-bab8-741aa34410d6,Wes McCreagh,94,Male,Russia,12/17/2022,Super,Desktop
d9d280dc-7e70-4faf-a2fe-0692a948ed11,Bartholomeo Daines,98,Male,Indonesia,5/27/2022,Pro,Desktop
1cc230b3-a103-485f-816f-58993049ce75,Claudine Edgeller,54,Female,Ukraine,1/27/2023,Super,Television
e4215dd8-c50b-4d87-82f8-7846f779ec6b,Tarra Crampsy,97,Female,Ukraine,2/25/2023,Pro,Desktop
6c276eb3-ec88-46eb-8d3c-5f208f2410e9,Lynnell Lynock,22,Female,United States,12/19/2022,Super,Television
58b5cd7b-2c7a-4681-a806-c56ab298b2fe,Lari Rubra,87,Female,Russia,3/5/2023,Premium,Desktop
29fa84fa-cc14-4d99-a355-ef74f0f9d2d8,Mason Meanwell,33,Male,China,4/21/2022,Pro,Television
8a3830ac-e419-411d-8916-8528908bb71c,Claudie Pattrick,59,Female,China,11/20/2022,Super,Desktop
01074dc4-3f33-4df0-ad55-5806c19f48e6,Ardene Nano,77,Female,Peru,12/4/2022,Super,Mobile
ae826415-477a-4a2e-92b2-ecf2a94cfc71,Shawna Pethybridge,75,Female,Indonesia,4/17/2022,Pro,Mobile
87c6b3b5-1d55-420e-9bad-dbef8627977a,Tommy Yerborn,40,Male,Jordan,9/27/2022,Premium,Desktop
d87977d3-b7f0-4095-ad38-f0b259ce7b5c,Godfree Gelder,63,Male,Russia,9/4/2022,Super,Television
ea9da1de-d604-4764-b389-4a3a55437a6c,Sayer Corse,19,Male,Netherlands,11/28/2022,Premium,Mobile
8385cb23-7f33-4ea8-bf4c-7efba03cb1ed,Paquito Fayter,40,Male,South Korea,1/14/2023,Super,Desktop
821e10c0-fbd5-4334-96bf-f527e161fc5c,Danella Goodswen,54,Female,Russia,1/12/2023,Pro,Mobile
022bf40f-e45c-43f3-aeda-aea9f5763d9a,Nara Acreman,76,Female,United States,8/8/2022,Super,Desktop
3c357763-23af-4ffc-8f65-353bfa2163a8,Pammie Burnett,35,Female,Mongolia,3/21/2023,Premium,Mobile
a78ae461-0ba9-4dd5-a039-130b3b273784,Elmo Dyton,44,Male,Nicaragua,10/1/2022,Premium,Television
8d3551c4-c1f3-4530-9d04-02684a7e0e89,Pablo Menault,10,Male,Czech Republic,2/16/2023,Super,Television
74448443-5015-4b0e-9a70-bacbb6aa2a91,Hughie Thackham,47,Non-binary,Norway,5/4/2022,Super,Desktop
6c390d91-bf2d-4d00-9a46-f50bc55728b7,Dalton Ambroix,55,Male,Colombia,4/1/2022,Pro,Television
276075ab-b796-4238-ad7b-d7651fb0e87b,Benita O'Rowane,54,Female,Indonesia,2/20/2023,Premium,Mobile
57f72d66-ef13-4d10-b210-d4ec2fb83547,Phaidra Scarlin,4,Female,Philippines,4/18/2022,Super,Television
9f945a4f-dc67-40f5-a5ea-2855372679b3,Horst Nurny,78,Male,Bangladesh,1/16/2023,Premium,Desktop
729022a3-33c9-4311-a776-b9f2d1cfb474,Bevan Hanrott,73,Male,Russia,4/2/2022,Premium,Desktop
8708cb35-d9fb-417e-a10a-627ce9ada052,Mariette McOwen,5,Female,France,3/30/2022,Pro,Television
0f835453-d457-478b-8c24-f16b4450a2aa,Catlin Chrystie,92,Female,China,3/31/2022,Pro,Mobile
8d1f102f-bf7d-4bd0-a70f-8591a3407d3e,Royal Milleton,55,Male,Libya,1/23/2023,Premium,Mobile
2a075cca-4042-4c2a-93fd-4d60d131f363,Binky Feben,29,Male,Sweden,5/20/2022,Pro,Mobile
4b0833a3-7072-412a-b9da-ca48ad66cd53,Alleen Cartin,86,Female,Tunisia,2/24/2023,Super,Desktop
ca625697-e798-45be-b810-a8a9f8a504bb,Karole Toun,1,Polygender,Indonesia,5/24/2022,Super,Mobile
6a3d4b0b-3807-4dea-b668-9bab10c92d67,Janek Ruddiforth,86,Male,Bhutan,4/30/2022,Premium,Desktop
02843da5-b9c0-4f41-9792-edd09f8d179f,Katalin Jirasek,41,Female,Brazil,3/28/2022,Super,Mobile
70d33d6d-883a-466d-857a-d2ce32e1dc50,Odey Maddigan,44,Male,Indonesia,11/4/2022,Pro,Mobile
724d4ea1-aad4-49b0-9f47-8f9a166c9b7e,Garrett Chantrell,24,Male,Philippines,2/28/2023,Premium,Desktop
aa916a91-daf5-4b33-8973-c3f91480d5d8,Loreen Lempertz,35,Genderfluid,China,9/4/2022,Premium,Desktop
496c3d7d-a0a8-49d0-aef0-8cf7e6763cfb,Armin Grahlmans,5,Male,China,12/21/2022,Premium,Television
d1832161-5323-4165-ae2c-058884d6a42b,Estele Donativo,34,Female,Tokelau,6/11/2022,Premium,Mobile
21116cd4-4a3a-449a-96f5-314b9df78840,Allegra Duncklee,13,Female,China,6/30/2022,Premium,Mobile
d1f6543c-aa56-4868-a029-c31cfb8428fa,Arlie Dorrell,62,Female,Portugal,7/27/2022,Premium,Television
f4da9e9a-fae5-4b01-9805-da729c38f2d0,Hadlee Gary,82,Male,Indonesia,3/22/2022,Pro,Television
b1816a98-54a7-4d48-9280-39a1f3e18d1e,Taryn Milward,31,Agender,Poland,8/26/2022,Super,Desktop
6948f40d-bfc9-4577-bbe1-776f2c686faf,Jeth Janosevic,82,Male,Mongolia,4/15/2022,Pro,Television
c3ca87f1-1a4d-44b7-92b8-60bbfb35dac7,Hillary Walbrun,31,Female,Italy,1/22/2023,Premium,Mobile
234dfb11-7863-4810-85f4-fff32ae5ed8f,Lazare Mellonby,30,Male,Philippines,11/7/2022,Pro,Television
29bd75b1-8b26-4496-a919-3bf0974aa22d,Jill Fordy,66,Bigender,Ukraine,3/6/2023,Super,Desktop
2c1cae40-0413-433e-bee1-6fbfe2273ba5,Jere Swanger,55,Female,Brazil,9/10/2022,Premium,Mobile
eeaf23be-c275-4f1c-bc6f-e9e626bfb33e,Brooke Callender,13,Female,France,5/23/2022,Pro,Television
992f0574-8cfb-463d-95e4-590288c2e55f,Leona Ashmole,37,Female,Greece,3/2/2023,Super,Mobile
9bc5a8ad-4f47-4ed3-b31b-0f1138cfc8cc,Sophie Reiglar,90,Female,Libya,3/30/2022,Pro,Mobile
465cafd2-b337-4d84-bcec-8198b579888e,Bartholomeo Gloucester,83,Male,Philippines,10/9/2022,Pro,Television
3476fd72-24fd-498c-8a59-201ab8310eda,Noni Fitzsimon,20,Female,Indonesia,7/15/2022,Pro,Desktop
bcb7f3e3-58f8-4c2c-9a4b-0f6c79cfecc8,Neel Brandone,6,Male,Portugal,11/16/2022,Super,Television
194833f7-4cdf-484a-90b0-8241870efbe4,Giulia Connelly,41,Female,Cyprus,11/29/2022,Premium,Television
ab71ddc6-6442-49ef-8c00-34916b1b4a89,Urbain Prosek,99,Genderfluid,Poland,11/12/2022,Pro,Mobile
69003041-e46a-407d-8c52-a21056e1f63b,Rodrick Jakel,61,Male,Bulgaria,8/13/2022,Pro,Television
b48b5c24-fb9e-4fbf-83b0-73d9a93a2553,Angie Fiddler,15,Female,Indonesia,3/10/2023,Premium,Mobile
92a2fa05-5823-4094-9fc4-5213b90c0f70,Gert Bench,3,Female,Colombia,4/18/2022,Pro,Desktop
81f72e42-9759-4b70-b39d-a9b850317dc0,Syd Meehan,5,Male,Albania,2/9/2023,Super,Desktop
629a08c7-9fbe-4510-bc8a-f3accb2f75b4,Loretta Baldick,96,Female,Indonesia,11/12/2022,Pro,Mobile
c6e529ae-b476-473a-991f-1f7eb589fd39,Kennedy Grimoldby,11,Male,Portugal,12/29/2022,Super,Desktop
3303b738-9670-42b2-8674-5b1c22c2b493,Hobard Saddington,15,Male,Russia,4/8/2022,Super,Mobile
534cb41f-f9e7-4e3e-a2be-f49ce82325ee,Gaby Thairs,47,Female,Indonesia,10/3/2022,Pro,Desktop
d472812b-6b4f-424b-8330-3438e76bc864,Marilee Trodler,78,Female,Poland,8/27/2022,Pro,Mobile
5e889061-bce3-447b-8a0a-c0e36f4ac4c2,Barney Ybarra,48,Agender,Kyrgyzstan,2/7/2023,Premium,Television
a75d46ee-2eeb-4f7b-8273-726569d6e734,Kaspar Rozet,48,Male,France,3/18/2023,Pro,Television
3b7266e8-5cdc-4367-9a8e-39276d614406,Otho Rosengart,97,Bigender,Russia,11/25/2022,Pro,Television
1af44719-278a-4d86-97e9-dc7a0f3e77a9,Gwynne Shovelin,72,Bigender,China,2/12/2023,Pro,Desktop
530c371d-fc30-4aa2-be96-2a1075de0afd,Rollo Wippermann,5,Male,Russia,2/9/2023,Pro,Desktop
917b6bf0-b4aa-4277-b831-bbf2f16940f2,Timmy Somerbell,34,Female,Russia,10/30/2022,Premium,Desktop
8d0d182a-5ea9-45d1-89e5-821f639f522c,Thane Manilow,31,Male,Philippines,3/1/2023,Premium,Mobile
860b3c03-0618-4f09-aa42-528e7a40f2f3,Ignatius Tustin,22,Male,Sri Lanka,2/6/2023,Super,Desktop
68fd5085-807c-4050-a1c1-0375ddb6a2cf,Woody Negro,55,Male,Philippines,10/26/2022,Super,Television
19ca66b7-c423-4f73-acfe-dcf9e7f2a634,Audi Bielefeld,80,Female,Argentina,11/5/2022,Super,Mobile
68fe99c4-79b6-412f-b9ce-c310adbde014,Prisca Woodroffe,5,Female,Indonesia,4/24/2022,Premium,Mobile
33fc987d-3c18-449b-bf6a-b3215b236767,Adina Jori,93,Genderfluid,Indonesia,5/9/2022,Pro,Desktop
d96d459b-b772-4566-9b42-54649bb8f5ee,Ardath Penhallurick,55,Female,Indonesia,9/9/2022,Super,Television
b996db49-46a1-4456-80be-abc754e9ace2,Joel Knee,37,Male,Jordan,1/9/2023,Pro,Television
8b36f96f-2b5a-41a4-8a32-b1c50381e22f,Tibold Barthelet,9,Male,Portugal,4/14/2022,Pro,Desktop
754ce8d9-34e4-4ac6-945a-616a85f952bd,Marin Ashbee,82,Female,Indonesia,9/8/2022,Premium,Mobile
8c87939c-666a-42fa-bd11-aafc6acbbbed,Rodrick Giffkins,60,Male,Russia,3/9/2023,Pro,Desktop
1f513b07-fb78-4fa8-a597-bcdeddc2d9b2,Hercules Weatherburn,85,Male,Indonesia,6/5/2022,Super,Television
45c26466-db9a-4fc8-803e-4ebd0efe0fe1,Lula Shills,97,Female,Chad,11/19/2022,Pro,Mobile
1336f991-7132-4acf-b3ec-a8930c232bff,Hervey Gumley,93,Male,Philippines,6/18/2022,Premium,Mobile
5a18c18d-dc47-4749-acc5-49acd1051c67,Lina Sclater,62,Female,Colombia,11/26/2022,Pro,Television
caafd969-4ab4-490e-bc1f-f44e00e512e6,Vincents Ponsford,97,Male,Eritrea,8/19/2022,Premium,Desktop
07262533-b55c-4160-a459-2a3bf2b05d32,Bondon Hadwen,91,Male,Russia,10/14/2022,Premium,Desktop
6bfcb3ce-b77d-4c2d-93ef-2e3024c8d617,Jacqui Gribble,6,Female,Cameroon,8/14/2022,Pro,Television
cc09e0d8-9429-45c9-955e-ee2dff2897ab,Stanislaw Gulleford,47,Male,China,6/11/2022,Premium,Television
ad301f71-e45e-430b-8abc-aa737d839f33,Lu Orbine,56,Female,Thailand,5/2/2022,Super,Mobile
98d8b504-5aab-4935-bab0-89c6163bf390,Carree Semor,5,Female,Estonia,2/14/2023,Pro,Television
e411f986-b503-4b3f-b914-e0bbad5e34af,Jervis Kettlestringes,12,Male,Peru,10/23/2022,Pro,Television
69e61400-1dc8-4222-af6a-6dc1b88fb50c,Valma Southcombe,87,Female,China,3/6/2023,Premium,Desktop
94e785f4-76fd-4316-9623-c7e1c20e7fa0,Horatia Aleksashin,9,Female,Russia,2/22/2023,Premium,Mobile
91be2da5-ba8d-4258-8722-6c897a5d6a0e,Delora Sumshon,9,Female,China,3/13/2023,Pro,Desktop
a9106101-fb02-4f57-b186-a3ad595e5b3c,Jewelle Kubiak,48,Female,Norway,10/25/2022,Super,Television
782eacfa-b43a-4052-aee9-3355772ae183,Clayborn Darker,14,Male,Japan,10/31/2022,Pro,Television
44043005-1849-4d7e-8ec5-495e16a8ff52,Lynette Belfelt,18,Female,Maldives,8/11/2022,Super,Mobile
3e204ed1-a611-427c-abb8-175585c5541c,Kylie Clawsley,41,Male,Azerbaijan,3/13/2023,Premium,Mobile
9fcfb51a-30ac-4f91-b195-4e1ffd70097c,Rudolph Presswell,19,Male,China,8/10/2022,Super,Television
3907a865-28e3-45ac-8e1b-f6995e80a4ba,Bernelle Arthan,17,Agender,Portugal,11/17/2022,Premium,Television
23dd5760-cc33-442b-b50e-71cde5bd51b0,Tanny Adne,66,Male,Spain,6/21/2022,Pro,Mobile
28966ec4-521e-4963-b5d2-6a176366e68c,Orin Abby,82,Male,Japan,6/11/2022,Super,Mobile
9bba4595-c760-422a-ac75-b38bd50a881f,Wilbur De Beauchamp,93,Male,Brazil,7/4/2022,Premium,Mobile
eb1abbab-dc25-4299-8916-884f106ce008,Lory Smitherham,2,Agender,Vietnam,9/18/2022,Premium,Desktop
f9f82e0c-ea22-473f-87da-20ce4748245f,Nikos O'Cannan,26,Male,Cyprus,9/23/2022,Premium,Mobile
5038d0b0-0b2a-448c-bd87-1c50f6c225b9,Linea Palia,63,Female,Sweden,11/7/2022,Super,Television
b61f0f08-45a0-4377-b100-a9c89a4c7b40,Fabian Avrahm,98,Male,Morocco,6/30/2022,Premium,Mobile
9c464219-ce48-4708-bc1a-b1a53896aff3,Jacynth Lingley,43,Female,Russia,7/17/2022,Pro,Desktop
0f926029-0804-4283-b179-27b3e3c4ded6,Ynes Abella,53,Genderfluid,Peru,12/23/2022,Premium,Television
39dbf7db-45d8-49b4-b13c-4f927b36f0f1,Salomon Hall,8,Male,Brazil,7/27/2022,Premium,Television
768748a3-216b-4e8e-969c-f390393e946a,Tara Schriren,81,Female,Portugal,3/19/2023,Super,Mobile
76be82f8-152d-491d-842b-363f6bc46c8d,Astrid McClaurie,34,Female,Serbia,12/27/2022,Pro,Television
68c5180a-9591-40bc-b005-3bfbbef77263,Nathanil Yorath,45,Male,South Africa,7/16/2022,Super,Mobile
ff088003-4c71-4018-b723-5bdeb7092baf,Albie Corlett,71,Male,Russia,6/29/2022,Premium,Television
e6bd3039-a6f9-421d-9a17-305ec92e58c9,Abelard Kittles,97,Male,China,11/10/2022,Pro,Mobile
410672ee-e641-4ebe-9214-b8a91e0f05ba,Anestassia Brozek,93,Female,Madagascar,8/6/2022,Premium,Desktop
54558dff-b0bd-4c0d-bd53-ae5e6d539723,Paul Greenfield,71,Male,Sweden,11/28/2022,Premium,Desktop
7e369b87-8c27-459e-bef3-0262462502a6,Arlina Skarr,15,Female,China,3/5/2023,Premium,Mobile
0703f154-e1f8-4474-aa2c-debabc974a39,Kiri Cosson,31,Female,China,8/15/2022,Super,Television
6923e4a7-eb8b-43dd-a7ee-f44f16212993,Charles Sage,73,Male,Tunisia,6/5/2022,Premium,Mobile
3b3b6007-1aec-4518-8c32-604d9525547d,Lucien Behning,10,Male,Bolivia,12/31/2022,Pro,Television
fbb0da7e-032f-434f-8040-8f5a72ade6b7,Jermain Troni,17,Male,Burkina Faso,1/16/2023,Premium,Mobile
d905f330-c355-4fd4-8d3b-1a2711cacb76,Evangelia Cosson,2,Agender,Indonesia,6/16/2022,Pro,Mobile
7b5bf7df-faa4-4a2b-9285-6201f7e78f08,Vaclav Keates,54,Male,Pakistan,9/1/2022,Premium,Desktop
0ba219ce-878f-4022-86fa-34762e61ebfc,Gustave Meddemmen,74,Male,Peru,5/17/2022,Super,Desktop
ab34e8cb-0540-4c64-bf52-4f72df2e4fb8,Nikola Arbon,30,Male,Brazil,3/26/2022,Premium,Mobile
f05b2d74-9fe9-4ad8-9695-a949a3e6a1e9,Baryram McNae,11,Male,Denmark,8/5/2022,Super,Mobile
ec0edaf2-c969-47f1-97d3-da897d2e5205,Sonnie Kuschel,60,Female,France,8/1/2022,Premium,Desktop
b75671ef-eaf2-48b6-b78d-e304e024e6be,Evangelia Pesterfield,68,Female,China,12/8/2022,Super,Desktop
3fd8c987-e42b-4aee-84a0-ea38b3c667b0,Ennis Schenfisch,52,Male,Liberia,2/1/2023,Pro,Desktop
4864984a-ccb0-4986-b177-879142609a73,Mariele Jirousek,31,Female,Czech Republic,5/10/2022,Premium,Desktop
a3da83bf-d213-483a-a05c-12c59dbe74a0,Yoko Carik,69,Female,Venezuela,2/25/2023,Super,Desktop
e10c8578-1e01-46d7-bb6d-3062418abd09,Hardy Clougher,42,Male,Canada,1/1/2023,Pro,Television
bdef0aee-0478-4f6d-92b9-7e78e33f390a,Loria Linggard,73,Female,China,9/5/2022,Super,Desktop
cea8c5d5-4dba-449a-afde-0dcbf552ad82,Wilden Cunniff,99,Male,Japan,5/8/2022,Pro,Television
f56fa3b7-2681-4392-88c8-ff6727d46822,Adrianna MacDonnell,77,Female,Russia,12/28/2022,Premium,Mobile
6718138a-162d-47ee-86af-1f28867e7775,Ronnie McKerton,93,Male,Morocco,6/26/2022,Pro,Desktop
6b9ccefc-5170-4546-b2b1-a3d041e3341c,Joni Pring,48,Female,Slovakia,2/11/2023,Pro,Desktop
20932454-9951-4e13-88a6-a6079df10084,Roselin Samudio,33,Female,Thailand,4/15/2022,Pro,Desktop
ed559a24-a8ac-4642-a3da-6418eb503807,Kerk Nannini,69,Male,Finland,9/2/2022,Super,Television
743f4457-0dfb-4293-9087-abbc59230957,Shanan Linkleter,13,Male,China,1/17/2023,Super,Television
39baa010-fcdb-4711-8175-4642907d4bb7,Rois Dmitrievski,8,Female,Peru,9/9/2022,Pro,Mobile
71a37442-7aaa-4f59-ba52-ad88d40d1801,Josh Rosita,47,Male,Panama,11/2/2022,Super,Mobile
d241ed95-063d-4cd8-90a6-b00aa8a5ddda,Cozmo Mustoo,90,Male,Honduras,12/3/2022,Super,Desktop
1cb9ec01-51ff-443f-8837-6cb641d01543,Granger Eckford,47,Male,Ukraine,4/17/2022,Super,Television
24da4410-e433-4911-b341-ff3079b81f05,Alberto Sainsberry,79,Male,Malta,12/9/2022,Premium,Television
9998536a-8fbc-4b27-8f56-61d381cc2e0b,Jesse Fipp,92,Female,Colombia,2/17/2023,Pro,Television
430017c5-aaba-453b-85a9-512c59e2495a,Brendis Lowdeane,40,Male,United Kingdom,1/4/2023,Premium,Mobile
87587cc4-41c8-45bc-905e-daff6ccbc3b8,Fran Storah,29,Polygender,China,7/23/2022,Super,Mobile
06fc9bbe-97d2-4785-a1d3-a66de1117184,Tatum Heaselgrave,77,Female,Portugal,1/27/2023,Super,Mobile
37bcc7b3-962c-4ed8-b962-db1f88f55d5f,Noemi Leaman,47,Female,Sweden,8/4/2022,Pro,Television
d951198a-b89a-4da5-a373-7049a7b8e119,Pippo Duddle,12,Male,China,3/10/2023,Super,Mobile
b0bba279-cc01-40c3-8508-5a73a2829e7d,Anne-corinne Spearett,53,Female,China,12/7/2022,Pro,Desktop
8921c169-b444-438e-8567-23f2f01267b6,Reynold Lansberry,79,Male,China,11/2/2022,Pro,Desktop
f3a99b64-c635-41e9-a7df-c122279d774f,Rianon Heavyside,41,Female,Poland,6/13/2022,Pro,Desktop
c6fc65f6-e513-480d-92d9-24ea8e7905aa,Janos Bradmore,35,Male,Indonesia,3/11/2023,Pro,Mobile
143cc4a1-61da-4157-bf99-821d43123e07,Sayers Drains,84,Male,Czech Republic,9/20/2022,Pro,Television
b944b81d-df41-4571-a069-61703f3f5a6c,Thomas Quillinane,34,Male,China,2/17/2023,Premium,Desktop
fc470eab-8b3f-4494-abde-d34e41db80c0,Zaccaria Trotman,44,Male,China,4/5/2022,Super,Mobile
b84a5085-6956-4c86-9e0a-705dcea61a0e,Wesley Aggus,32,Male,Mongolia,11/15/2022,Premium,Desktop
87567d32-7520-486b-a02d-f2438e01ea4a,Danice McGeady,98,Female,China,8/31/2022,Pro,Desktop
cbaab9a8-d14f-439b-9bfd-2f8aec2dd06b,Debera Cowthard,16,Female,China,12/21/2022,Pro,Television
a01ebbfa-1c45-44b7-aa22-02e80e7216e3,Daven Kobes,86,Male,Philippines,12/19/2022,Pro,Desktop
97f4e9a1-92ad-4a0b-bc94-f0c8cd2b6f7e,Clari Brandrick,5,Female,Afghanistan,8/21/2022,Super,Desktop
20ab9d37-5539-430f-8161-637a99705f17,Carmela Piner,14,Bigender,Brazil,10/20/2022,Pro,Television
39a06060-8e91-4907-a373-1948501377d5,Vance Olennikov,13,Male,Iran,5/31/2022,Super,Television
23a7d9d8-b910-43b0-8164-3b7b300e7d6e,Tara Crayker,38,Female,Peru,5/2/2022,Premium,Desktop
4ebdf5cb-5a45-4dbe-8a59-ca536ec4ec02,Delmar Valett,94,Male,Philippines,9/19/2022,Super,Mobile
33af9542-584c-47cd-889b-e65cec928771,Jerry Shedden,21,Male,China,11/25/2022,Pro,Desktop
4a2240eb-a8ea-4da9-bea1-d13c3634120d,Maynord Knoton,57,Male,Norway,12/30/2022,Pro,Desktop
6455298a-88a3-4ecd-9110-c40d2bd5e40f,Meredithe Amor,65,Female,Gambia,7/4/2022,Premium,Television
5b080a69-e633-4ad9-8766-949dabca84b4,Rudiger Edelman,7,Male,Sweden,9/24/2022,Premium,Mobile
c5bfe7b4-96f1-4a23-9b4e-13ca4609ec38,Charmain Echelle,92,Female,Indonesia,8/6/2022,Pro,Television
7b36ac4b-2ce3-4112-88d8-7f5f5780b353,Saxon Bunclark,86,Male,Sweden,11/2/2022,Pro,Mobile
327546ee-008c-46c1-b32e-31964c9b9c78,Peyter Roz,82,Male,Argentina,4/19/2022,Premium,Desktop
9c9f5e15-dff4-4a2c-ba63-424fa6c5f1fe,Johannes Lamzed,76,Male,Japan,8/21/2022,Premium,Television
dc7ad030-07a0-4cb6-81d2-1d6386c913b8,Cherye Gatesman,53,Female,China,6/6/2022,Super,Television
1be88c34-bc0a-4d48-b6f2-044145fae6d8,Fayre Nethercott,100,Bigender,Sweden,9/29/2022,Super,Desktop
f02264e7-c023-428d-9fe4-91450d1694f2,Bryn Paute,63,Male,French Polynesia,3/14/2023,Super,Television
572617fc-e77b-44d9-b502-e16f60ed0a0a,Hugh Lince,6,Male,Slovenia,10/31/2022,Super,Desktop
d2b48714-ff7e-4bdb-8669-7d47aaf6245a,Vivyanne Skep,40,Female,Indonesia,3/15/2023,Pro,Television
9ab8eb4d-027c-418c-b4a6-7dea9d0497eb,Mitchel Mottershaw,100,Male,Poland,1/16/2023,Pro,Television
cbc59e48-22c5-4fb7-b9a7-aa23afd57f55,Yard Bampfield,91,Male,Colombia,12/21/2022,Premium,Desktop
3eb70c8d-9c06-4da9-80d1-3fba463a4d65,Madge Belham,35,Female,Russia,10/25/2022,Super,Mobile
a4f5ab58-e0fc-4cd0-b31d-a4dd5dd9f029,Augustina Shimuk,85,Female,Indonesia,5/2/2022,Premium,Mobile
9f8beca6-025e-4fc4-afe3-50b1f1d4c517,Junette Sorton,80,Female,Zambia,6/5/2022,Pro,Television
592ce83f-0344-49ea-b7c1-9532559343ee,Anton Janek,8,Male,Russia,1/18/2023,Premium,Mobile
60c088e1-02e9-4835-9b7c-9b29c94640c9,Rozalin Bond,90,Bigender,Bosnia and Herzegovina,1/5/2023,Super,Television
647036cf-d11e-4a91-9e23-0c08be09aafe,Loralie McNysche,92,Female,France,3/25/2022,Premium,Desktop
d2c9f214-b309-4660-85a8-76e504e54195,Kellia Ralls,14,Female,Russia,8/21/2022,Super,Mobile
2bed6f98-6e73-45e9-89d1-8db2b3d5c14f,Jobyna De Santos,43,Female,Poland,9/16/2022,Pro,Mobile
b508e6ac-1d5d-4397-8e03-3f0f9b768ade,Annabelle Helian,2,Female,Netherlands,8/7/2022,Pro,Desktop
92e19a3c-a6fa-4d33-8aaf-5c6d66c1e853,Shawn Mille,16,Male,China,6/11/2022,Premium,Desktop
2a5e9eee-c44f-4cfe-9f38-b70e5876fec7,Shadow Aleveque,33,Male,China,3/30/2022,Pro,Desktop
e6f4e27e-1036-4cd3-acad-9bd7cb2f22e8,Karleen Jerratsch,3,Female,Tanzania,9/26/2022,Pro,Mobile
6d2efeec-2d59-482a-b8a7-00bb6e2316d6,Alisander Duffell,55,Male,Kazakhstan,3/11/2023,Pro,Television
c392f73e-f3b0-4f15-807e-f61741f9b422,Mattie Gulliman,79,Male,Indonesia,10/29/2022,Premium,Mobile
07eca965-8ec0-4675-b260-4779a2a2f193,Vern Dowrey,7,Male,Indonesia,8/16/2022,Pro,Television
ffe1721e-c98f-47f3-8832-988a380f5311,Wade Cowpland,27,Male,Denmark,4/12/2022,Super,Mobile
0e5f7ea1-29aa-4cd3-a439-74b200e8c021,Reinhard Bleas,70,Male,Russia,12/13/2022,Super,Desktop
81eb35dd-3396-4d48-8d2b-90c34df09884,Wolfie Baroux,35,Male,Bosnia and Herzegovina,5/30/2022,Pro,Desktop
a17fc6e5-d5e0-4ab4-8462-5d8af13926b1,Kimble Gander,94,Male,Poland,11/10/2022,Pro,Desktop
0b06db9a-27c9-467d-86b0-edea234a61c7,Luis Fernihough,40,Male,China,2/3/2023,Pro,Mobile
b697b2aa-39be-4965-b40a-212fb8019593,Herrick Hulland,51,Male,Thailand,9/28/2022,Pro,Mobile
3e7806ea-a02b-438a-af5c-d7861521704d,Clint Verner,57,Male,Russia,3/7/2023,Premium,Television
50c4efce-9e22-4859-a24f-e156de174035,Odelinda Halgarth,28,Female,China,4/22/2022,Pro,Desktop
c4efb6ad-eaaf-4e11-8943-7ddbf94a2228,Annaliese Woolaston,93,Female,China,7/8/2022,Super,Mobile
3e01e474-62ce-49b9-a456-361f63d3a774,Rollin Izkovitz,68,Male,Finland,8/12/2022,Premium,Mobile
6d2a5d3c-2536-4aeb-997c-194e42e698c2,Jozef Murton,24,Male,Vietnam,12/9/2022,Pro,Mobile
ce55593d-33d7-48b7-9bce-ed7f9543aa06,Lisha Wiltsher,31,Female,Tunisia,9/13/2022,Super,Television
e0d6c1e3-392b-4222-a234-31961ed0169d,Dari Wolfendell,87,Genderqueer,Poland,6/24/2022,Pro,Desktop
ce3d80c6-74e6-4112-8c3c-72347af4c2ec,Galven Cunniffe,68,Male,Indonesia,12/25/2022,Super,Mobile
1a698d7d-e711-4c21-8a5a-fc236f3d1164,Adi Tithecote,82,Female,Peru,3/24/2022,Super,Television
37800349-6eb9-42df-b0de-ed158dfba68a,Alvie Palatini,94,Male,Ukraine,2/27/2023,Pro,Mobile
49129cac-d66d-41f1-8db8-b6cf97e2d0f3,Engracia Johanchon,96,Genderqueer,France,6/27/2022,Pro,Desktop
53274748-9c49-441a-8d22-3c0d1c4d76b5,Marrissa Vaggs,39,Female,Vietnam,10/31/2022,Premium,Television
494a3077-a128-4b0b-8492-ed01afd49804,Laurice Janiszewski,40,Female,Russia,9/24/2022,Super,Mobile
98ea0efd-04ec-4f3a-b652-98b468ee8c9b,Elyn Aven,41,Female,Peru,12/14/2022,Pro,Television
6e9c6bb0-dbb2-4df4-b23f-c748247d1aad,Lynsey Lerigo,28,Female,Indonesia,2/11/2023,Pro,Television
d6484c9c-f2fd-4f98-a1f3-f5e83c7b3da1,Jeffry Bwy,76,Male,Brazil,8/23/2022,Pro,Mobile
4c1eeb86-d8e7-454e-8ba2-3622569ba146,Walden Simnell,4,Male,Ukraine,8/2/2022,Pro,Desktop
82332cbc-042d-4298-8bea-3426ed20cf7e,Elsa Topping,1,Female,Argentina,9/25/2022,Premium,Mobile
29b567cc-d4c7-46c7-86ad-9f3f8807a7d4,Esme Davidovics,71,Male,Japan,5/20/2022,Premium,Television
b6883055-177b-4f12-aa78-830b143bca85,Bendix Farriar,57,Male,Ivory Coast,6/21/2022,Pro,Desktop
fadcf201-058c-48c9-a513-6dd5f691735e,Gerty Borland,62,Female,France,12/30/2022,Super,Television
b857e741-9ae0-4b56-bbc6-e24393148c31,Jamey Magee,50,Male,Guatemala,9/16/2022,Super,Desktop
b4d042d4-03d3-40e9-83f9-e312cf554ef3,Rori Astall,46,Female,China,9/29/2022,Pro,Desktop
23a5814f-27e9-48ce-a66e-17a1d4e2a1be,Laura Skully,69,Female,Ireland,11/6/2022,Premium,Desktop
d8818a54-59c3-4268-9e71-adee9f066352,Rolfe Pietrasik,99,Male,Germany,1/31/2023,Premium,Television
42c3d230-19f7-4c40-b16f-c2ab22bda2dc,Dianna Linck,98,Female,China,12/30/2022,Pro,Desktop
ffc91679-aed6-4c78-8727-e560b597bdce,Aile Sainsbury-Brown,40,Female,Ethiopia,6/19/2022,Super,Desktop
11c36c23-e539-4948-87ea-d0ad587d6058,Barnabas Drakers,83,Male,Peru,5/31/2022,Premium,Mobile
d3903432-e299-4a77-8312-ff119926a5c0,Cassy Emerine,46,Genderqueer,China,10/29/2022,Super,Desktop
70fa64db-25c5-4ae3-9eb9-d1cfbe6b15c7,Geoff Hehl,29,Genderfluid,China,12/6/2022,Super,Television
0f61ef38-68b6-4db4-91ac-f774d3f919f0,Wallace Kneesha,54,Male,Philippines,11/1/2022,Super,Television
8c04d9bb-dd5e-45a3-a3a5-5f1deabe6aec,Cornell Chrstine,100,Male,China,11/9/2022,Super,Television
5a48c7ce-7173-41f0-805a-282156711461,Ashbey Redshaw,3,Male,Algeria,1/2/2023,Super,Television
2f7d4372-83c4-4824-82fe-be779474c395,Rockie Henrie,78,Male,Latvia,9/2/2022,Pro,Mobile
aebae47e-ef62-41d0-b8f2-b861ffb6629d,Adda Tomaszewicz,60,Female,Indonesia,7/9/2022,Pro,Mobile
9e9ca154-51a0-47a6-a642-4dc02936ed8e,Anastasie Emeline,62,Female,China,12/20/2022,Super,Desktop
51c51a86-1ae3-4379-a4cc-4612515a51ce,Harri Charter,12,Female,Russia,1/22/2023,Super,Desktop
32e22b97-4513-457e-aa85-62be76cb2155,Waite Mincini,12,Male,Czech Republic,9/13/2022,Pro,Mobile
e3c2812b-3f84-42b2-9678-e1eea14e39df,Shamus Raselles,49,Genderqueer,Nigeria,1/19/2023,Super,Television
d01d096e-0d63-4d93-9a23-dc4f4899e8dc,Ethyl Nendick,98,Bigender,China,11/24/2022,Pro,Television
ddd9fc59-05ce-4153-b7bd-9baa79fc40af,Brear Hatchman,73,Genderqueer,Russia,5/13/2022,Pro,Television
ffad6908-cc89-4dfc-a31d-83ba38f5f20d,Frederick Tofts,1,Male,Belarus,4/24/2022,Super,Desktop
15fe8408-9e65-433d-a99f-f084bcf0eeda,Else Skirrow,50,Female,Indonesia,4/13/2022,Super,Mobile
b5ab0b30-5e8f-4d7f-a930-635933380bf7,Estrella Pickervance,37,Female,Armenia,12/29/2022,Premium,Desktop
0bed69c9-932a-41b2-8dc4-bed37ba4bb20,Haywood Phifer,16,Male,Netherlands,6/25/2022,Super,Mobile
34ae25a6-74d9-44aa-89d3-5f6e2f6c119a,Emmi Scudders,49,Female,Bangladesh,6/6/2022,Premium,Television
43316fde-c3ed-4c43-8993-77551b2a5c3e,Rebecca Gingell,94,Female,Philippines,9/3/2022,Premium,Mobile
5b834366-8dc8-450e-9df0-f04bcdbf1861,Betsey Coales,66,Female,Poland,11/6/2022,Super,Desktop
b76faa65-7986-4b50-98ea-aec74c61855d,Nick Lacrouts,47,Male,Indonesia,11/3/2022,Premium,Mobile
43374cdf-354f-4fb3-b1bd-278bedb6a3f5,Esme Pietron,17,Female,China,11/29/2022,Premium,Desktop
92437519-f85a-406c-8414-41d5475c6aaf,Maisie Indge,82,Female,Japan,7/25/2022,Premium,Desktop
6c36662b-1a74-44e6-94ce-c0b669a452fa,Yul Gear,18,Male,Philippines,7/3/2022,Super,Mobile
31fdda6d-d0b4-4918-83f0-40b7be34d3a1,Nichole Harrington,61,Bigender,Afghanistan,10/9/2022,Premium,Television
3035f53b-18bf-4d25-89e6-3dcb86bfb660,Hanan Lewins,55,Male,Greece,9/25/2022,Premium,Television
66cafd69-1fe9-420d-b58b-d793fe71d33a,Biron Robottom,42,Male,China,11/20/2022,Pro,Television
acd61aaa-bc03-456d-9f73-53e23bb56242,Gennifer Johnys,77,Female,Sweden,1/16/2023,Premium,Television
cb28b500-3954-4fe4-b4d4-1756e52da96b,Briny George,66,Female,Indonesia,5/8/2022,Super,Desktop
9a8c9dcd-31d9-449f-9d71-d200d27519e5,Correna Rudeforth,82,Female,Poland,10/16/2022,Premium,Television
fa9e44e2-431e-48a5-91d6-bd662f815786,Clo Molden,1,Female,United States,7/5/2022,Super,Desktop
790afa1f-0d7f-4df8-9a76-96bc26508604,Reeba Tease,97,Female,Indonesia,9/17/2022,Super,Desktop
90342949-47d7-4ea1-a3ca-dfc0587ba129,Evelin Bushill,82,Male,France,6/29/2022,Super,Desktop
c6d8c1e3-b67e-45aa-8106-77c30d8a4936,Amberly Zucker,17,Female,Portugal,3/25/2022,Super,Desktop
a2deebfe-3a8b-49f1-acf0-69a46c11fbb7,Fax Petrenko,64,Male,China,4/3/2022,Super,Desktop
8b6f371d-af4d-4138-8bf5-19e438441596,Liza Squirrel,37,Female,China,11/3/2022,Premium,Mobile
3dc325ca-1e20-45cd-bf26-ad0fbad7c5b0,Dur Vanns,64,Male,Greece,9/1/2022,Super,Desktop
0c28c316-894f-45c6-840d-cb05aa8fa169,Gloria Curley,12,Female,Sweden,6/12/2022,Super,Television
62953074-f0b1-4b87-afbd-341872bbc437,Carroll Abazi,78,Female,United States,11/17/2022,Pro,Television
5e9b4b2b-5053-4344-ac77-65d4d47f211a,Jamal Poultney,39,Male,Sweden,5/17/2022,Premium,Television
73866071-fcfa-48b9-914d-af3841c1bdda,Cliff Tuxell,80,Male,Japan,11/6/2022,Pro,Television
e27678c9-af60-47c2-9d7b-cb66d993a5d9,Constantino Fessler,93,Male,South Sudan,2/26/2023,Premium,Television
ccedbe31-7dcd-4e6c-a8f7-8b0c3928c652,Ax Attreed,50,Male,Sweden,11/25/2022,Premium,Mobile
4fb73449-13b8-4a63-8f7b-3d93b3549911,Ynez Durrell,73,Female,Brazil,4/18/2022,Super,Mobile
189c7f45-4ed2-4bfb-a679-2abeb25cb33b,Adolf Sedwick,82,Male,China,1/17/2023,Premium,Desktop
eb8ab83d-b3b6-4481-9610-5c6385faef9a,Emelen Newnham,78,Male,Colombia,3/12/2023,Pro,Mobile
44c64f7d-8cac-4cf1-91d8-11901355fdfe,Brandea Lanchberry,19,Female,Moldova,11/24/2022,Premium,Television
c040ce08-4586-497e-9a64-952805f8514d,Retha Tidmarsh,5,Female,Yemen,5/14/2022,Pro,Desktop
769f623b-439f-4981-bdea-2bf84d232278,Agnesse Banner,47,Female,United States,6/5/2022,Premium,Television
cb1b1936-0c9d-4a02-8018-fd01f424a9d2,Jerrie Dobbings,65,Female,China,12/23/2022,Super,Mobile
660066c1-f5cf-47ec-a109-0f4aebc6eec6,Martita Petters,70,Female,Poland,9/25/2022,Pro,Television
aa265f92-8b26-4dbf-afd6-e558aa229feb,Marya Vagges,74,Female,Russia,7/30/2022,Premium,Mobile
599e6e23-7473-46b4-ae3f-f65b385eabd1,Hayyim Roches,96,Agender,Greece,9/17/2022,Pro,Mobile
c58b6cf9-5a95-4eff-92af-53815f1896bc,Marketa Grew,34,Female,Honduras,6/6/2022,Super,Mobile
518c6216-f0c0-41d1-9679-7d912e998161,Rosina Riediger,81,Female,China,9/13/2022,Super,Mobile
2e300891-b099-47f9-bc65-111beaa9b7a4,Jayme Drewell,68,Agender,Argentina,12/2/2022,Premium,Mobile
bf526515-1a6d-49e4-87d4-209272bca79d,Lauren Silkston,23,Male,Brazil,7/20/2022,Pro,Mobile
1f8ab1a7-fe97-4ded-b27b-924f722fbed5,Thorsten Labbey,94,Male,China,12/13/2022,Premium,Desktop
fe9b4bbb-f553-444b-af59-992d4f8b7059,Erroll Saffin,90,Male,Kazakhstan,11/2/2022,Premium,Desktop
893859cb-96f1-47a5-8811-36232d8fae53,Moshe Rosiello,58,Male,Russia,1/3/2023,Pro,Desktop
c9e37d20-e32f-4bbf-94b6-3f10a1b8874e,Annabela Wrey,45,Female,Ethiopia,1/28/2023,Premium,Mobile
79e20a13-bcb2-489e-ae9a-9b498fa3982e,Abner O'Callaghan,6,Male,Brazil,9/9/2022,Super,Desktop
e6c05799-e16f-4811-85d0-a0751c99bf3a,Marshal Repp,16,Male,Philippines,9/11/2022,Pro,Mobile
d81498f7-f262-4794-9e41-2eb8fe233a61,Vachel Bontein,8,Male,Albania,10/29/2022,Premium,Desktop
2bfe054b-b573-41eb-9bf0-dc1931dbd815,Goldy Ivan,29,Female,France,8/27/2022,Super,Television
587173c2-f391-4bfc-ba8f-c14c832fd938,Gusella Batterham,16,Female,China,12/9/2022,Super,Desktop
3f14ceeb-9a16-4633-8e37-b46b4b4b930c,Kaspar Bethune,62,Male,Lithuania,3/31/2022,Super,Desktop
972f4b9b-62bc-47bb-8c72-d758f71e9e38,Alexia Dingwall,17,Female,China,11/22/2022,Premium,Television
2e341d95-685b-4bc0-b68f-d54e227fdf07,Claudia Reyson,53,Genderqueer,Mongolia,3/29/2022,Super,Television
1cdcf475-3dd8-47bc-bcb0-fa90a0d114a0,Sherwood Jallin,36,Male,Colombia,2/28/2023,Super,Mobile
963d9565-49c8-44f5-8f67-61bda7978d79,Giorgi Varfalameev,38,Male,Indonesia,4/7/2022,Premium,Mobile
1e77eb97-7b7d-467d-8688-aa3d53c4c448,Lishe Eggar,21,Female,Philippines,9/8/2022,Super,Television
3614da12-6a3f-4a97-abf4-2403dcb965b0,Jarrid McCully,74,Male,Indonesia,11/29/2022,Pro,Desktop
ef799564-a044-40b1-8fe5-4cf7b8ac4bb5,Sargent Ibbitson,58,Male,China,7/11/2022,Super,Mobile
0d012a80-abdc-4554-9a33-c7fa852f26f9,Dora Pummery,55,Female,Ecuador,5/29/2022,Premium,Television
875e5ca1-2e56-49ac-a19a-29a21692b619,Julienne Vynarde,61,Female,China,11/29/2022,Pro,Desktop
31f00307-af72-48be-b763-f4c814901229,Xerxes Dally,42,Male,Portugal,10/15/2022,Pro,Desktop
56eb71b5-c6c6-4c07-aecd-54f7ebaa10da,Basilius Garman,84,Male,China,12/27/2022,Pro,Television
b8d0e989-54ad-4f92-8222-671cb751bddd,Chic Hinkensen,75,Male,Uganda,8/10/2022,Premium,Television
8b7d925a-2ba1-41ab-84e2-fb7819a1e666,Roda Strephan,71,Female,Philippines,9/13/2022,Pro,Desktop
12a89a32-a97c-48af-9294-eb64a351a12b,Grete Lindenbluth,52,Female,China,10/11/2022,Pro,Desktop
7faec044-e224-46ec-bc9d-2638200dbee0,Jermaine Skalls,16,Male,China,4/20/2022,Pro,Mobile
10adb458-3617-4832-9f86-1d74b800599c,Jasmin Radnedge,34,Female,Indonesia,6/2/2022,Premium,Desktop
a4a7d49c-28f9-497a-9448-54b54cc27976,Norene Swanborough,83,Female,Chile,3/6/2023,Pro,Television
2b9bf541-2d92-43bd-a93c-62bbc7a62a7a,Tori Jorden,34,Female,France,5/15/2022,Super,Mobile
402525ea-f977-46b9-975b-309399cddef1,Jacky Baylis,86,Male,United States,4/26/2022,Super,Mobile
1b9122d4-40dc-4950-a4d7-36e2dba475dc,Romola Bour,94,Female,Philippines,3/20/2023,Super,Desktop
684ac8b5-32b0-4999-a65a-e7977aa36bf2,Maddie Kingswood,45,Male,Russia,5/24/2022,Super,Desktop
6caabfa5-b114-4092-9a2c-f3b0093799e2,Morgun Persehouse,20,Male,Thailand,8/30/2022,Super,Mobile
52d53a5a-ad5e-4a54-bdeb-2f75fefe1d7c,Britney Lain,30,Female,Russia,4/14/2022,Pro,Desktop
0138a22b-6d6c-4683-941c-346400403fbe,Clayborn Elstub,8,Male,Uganda,9/26/2022,Super,Desktop
024afbc1-6a64-40a7-a5aa-374fce7baf22,Theressa Hawney,40,Female,Russia,8/8/2022,Pro,Television
df05ea27-86eb-4603-abb1-b0df9a22d8ac,Quillan Noor,14,Male,Pakistan,12/9/2022,Pro,Desktop
c1a72207-807b-407d-908e-8c4cf5d3bf3a,Sheila Hillam,81,Female,Egypt,9/6/2022,Premium,Television
8e01b08f-cbd0-476a-b136-64e973245358,Marijn Scrammage,93,Male,Portugal,2/19/2023,Premium,Mobile
6bce9478-d504-462e-9ea5-c4fe1f073a0a,Brendin Sharer,10,Male,Poland,4/19/2022,Pro,Television
905fc493-a621-4ace-86dd-632c92392666,Gustave Chick,55,Male,China,4/22/2022,Premium,Desktop
e98a3269-cbe5-4a00-8d2d-8a2943e53613,Martynne Dumke,10,Polygender,China,1/4/2023,Premium,Mobile
8e05eaa2-8c43-42c1-82d4-9d7979fc1f24,Deana Totaro,1,Female,China,9/7/2022,Premium,Mobile
1639c172-587d-4ca5-8a8e-8b0aaeb238c8,Annelise Berggren,31,Female,Yemen,11/5/2022,Super,Television
46aaf2b1-c295-4e95-a068-6f59d83814d3,Noellyn Buntain,25,Female,Russia,10/10/2022,Pro,Mobile
1c5912cc-20fe-4a9a-be1d-8b9563224cfe,Fin Liversage,60,Male,China,4/30/2022,Super,Mobile
3d4c0fec-b014-430b-bcda-02fe897e9a2c,Arni Shepstone,8,Male,Poland,8/8/2022,Premium,Desktop
8600677d-422e-4745-a325-710f0cb520fd,Mimi Upex,72,Female,Philippines,4/28/2022,Pro,Television
216ff823-0094-41a4-b2e3-e2a6560e7959,Alicia Boadby,40,Female,China,10/12/2022,Pro,Television
3b07ef34-a69e-44bc-bfbe-060af9de5a7e,Gardiner Bool,42,Male,France,3/3/2023,Premium,Television
2a989fab-0e13-4d2b-bc7c-7236b6c27e0e,Shoshanna Thorns,83,Female,Indonesia,4/17/2022,Super,Television
433f01b6-5463-499e-be31-176a030aa38e,Gwendolen O'Shevlin,13,Female,Japan,6/1/2022,Premium,Desktop
9cf43952-670f-41e5-952f-5269a80fad71,Dorolice Behagg,36,Female,Russia,2/11/2023,Super,Television
02b9bb7f-4bfc-4de7-a775-f9e9c87bd954,Ange Apperley,65,Female,Libya,6/28/2022,Super,Television
68957d7e-de22-48b4-be7c-6129e72292d2,Gunther Pes,27,Male,Vietnam,8/5/2022,Premium,Mobile
ed614a8a-487c-4b25-b80d-64f8db142c48,Aylmar Woolmore,76,Male,China,12/2/2022,Premium,Television
34e98ad7-bcc2-43b6-ba6b-a49212c79ece,Ninetta Brimblecomb,92,Genderqueer,Japan,7/6/2022,Pro,Desktop
5d56fdaf-0896-4d65-8cd7-d345c4bbc0f9,Lazar Leftbridge,39,Male,Norway,8/24/2022,Pro,Television
20f282a3-aae0-4e90-bc60-69ff4d806cb3,Daile Serrels,49,Female,Philippines,8/17/2022,Premium,Television
f180f05c-33c8-4130-998a-3f68a7b05d06,Koressa Castanyer,35,Female,Czech Republic,5/7/2022,Pro,Television
6a13df2a-69c4-4796-87ee-2095221b5cb5,Gretel Seery,60,Female,China,7/2/2022,Pro,Television
2061164a-446b-41a6-b177-2f1f01410d62,Gunther Whittam,72,Male,Peru,8/16/2022,Pro,Desktop
88d8e7b9-76e5-4f24-b5cc-5431cbeab44f,Gregor ducarme,71,Male,New Zealand,6/21/2022,Super,Mobile
7eaffb0c-49fb-48dc-977e-e7626b8f4b35,Loree McTeague,72,Female,Uzbekistan,1/7/2023,Pro,Mobile
adae8f3b-120b-4025-921a-022c4b8d7203,Nelly Ferrer,65,Female,Russia,12/31/2022,Premium,Desktop
61c01df0-1f22-4fac-8570-177abd13fd1f,Gerardo Keyworth,3,Male,Finland,2/18/2023,Super,Television
bba22a36-f3ef-49c5-a8ba-8c9ff07e06b9,Silvester Winward,59,Male,Japan,4/8/2022,Premium,Mobile
211956fc-7a4e-4abf-bc06-5d464581cd01,Blondelle Perrottet,66,Female,Uruguay,6/19/2022,Super,Mobile
a116b614-2ce0-4f3f-93f1-00634f252043,Gloriane Mullinger,81,Female,Russia,12/18/2022,Pro,Mobile
077de7b4-9c34-4120-8b47-f5a63165bd5b,Ardelia Petche,43,Female,China,3/2/2023,Pro,Mobile
463cc276-aacd-440d-99db-1f3b687e5f9f,Idaline Southerden,70,Female,France,8/7/2022,Pro,Mobile
f6279e50-f2df-4a80-9d1d-aaccd18cc257,Blaine Bowne,79,Male,China,9/2/2022,Super,Television
04c92028-44ff-4093-b5a9-69723c1e6076,Ingar Piecha,3,Male,South Africa,3/12/2023,Premium,Television
b3e1f7a5-5999-4fbe-95ec-39a68d166948,Selma Sabbin,16,Female,Philippines,4/12/2022,Super,Television
326310ca-c2ac-40a5-b393-b2ffe12b0354,Dasi Ackhurst,54,Female,China,4/17/2022,Premium,Desktop
689c6436-c7a6-40f5-a901-26b4c67d5164,Meggy Ferrillo,22,Female,Colombia,5/12/2022,Premium,Mobile
a4c5ec7d-35e9-429b-a9c4-4b6bff0c162c,Anthe Grindlay,91,Female,China,3/12/2023,Pro,Television
3bdd6449-c68f-4c69-ae7d-13acb649452a,De Naldrett,15,Female,Portugal,3/13/2023,Super,Mobile
573ebe57-ef25-450c-90c9-688919a64725,Shara Creech,26,Female,China,7/18/2022,Pro,Mobile
112f31d0-3236-4030-8cb2-7d396ff4a76c,Cyndy Siddell,35,Female,Colombia,2/10/2023,Pro,Mobile
c1bdeac2-73bd-4aa7-8aac-3adce9521e37,Suzy Turley,21,Female,Russia,12/14/2022,Pro,Desktop
462d2995-bdcb-45fe-bbb7-166510c26db2,Uriah Eastabrook,37,Male,China,9/26/2022,Premium,Television
aa3d0f03-b86f-41a4-a917-0e06cf053b83,Mead Cayle,90,Female,China,4/4/2022,Pro,Desktop
8bcda32e-412a-478b-9c4d-b757d673016f,Brooks Jannex,61,Female,China,7/20/2022,Super,Desktop
bc97d206-fee4-4258-8331-89013d7e2c82,Drew St. Hill,21,Male,China,12/7/2022,Pro,Television
d8bff7ae-c39d-43de-a243-47cf0e5a01dd,Malena Scotcher,19,Female,Vietnam,9/24/2022,Super,Desktop
e5d3dc9e-1020-4f82-a8bc-1a14430e5b2e,Sam Lermouth,21,Genderfluid,Indonesia,11/24/2022,Premium,Desktop
56492b57-8801-42ae-8f18-85bb1a2b3bcf,Daffy Downer,49,Agender,Indonesia,5/1/2022,Pro,Television
89ed263d-8ea3-43c6-8164-7d076b563439,Sollie Harbinson,26,Male,Philippines,6/24/2022,Super,Television
88e47040-ec4c-45b0-af48-f8bf6c88772a,Ursuline Indgs,69,Female,South Africa,3/3/2023,Super,Television
d40c0e65-84c4-4403-a9fd-ce8b95451a2c,Arron Yerill,86,Male,Poland,10/30/2022,Premium,Mobile
647eeb9c-ad93-476b-8d42-83a4d9f8bc6a,Keen Hizir,82,Non-binary,United States,3/14/2023,Premium,Desktop
7ca60347-b518-4fee-8adc-02a6ef9506b8,Jerad Costard,93,Male,Russia,3/1/2023,Pro,Television
5e4f1e04-682c-402a-9d09-9f6dd975243b,Ambrosio Dennett,42,Male,North Korea,3/23/2022,Super,Television
fbd4ec23-9b68-4a2d-b0b0-fd7d0a5c6b91,Ortensia Lehemann,54,Female,Czech Republic,3/25/2022,Super,Desktop
e326e651-9647-49c7-9a4a-977158c5f415,Steward Dillingham,97,Male,Mozambique,2/11/2023,Premium,Television
843c31e1-3098-41d8-855a-e6149156a80c,Mina Bonafacino,59,Female,Kazakhstan,11/4/2022,Premium,Desktop
9c8b719b-9b0c-4eb0-a465-8ff415bfd359,Corbet Tarquinio,79,Non-binary,New Zealand,4/30/2022,Super,Mobile
f74ee592-04a7-4820-b701-ff33a6fa24a9,Linell Milliken,5,Female,Russia,11/26/2022,Pro,Desktop
109b9727-0540-4526-9ffd-d9d76f9a6db5,Hadrian Gribble,12,Genderqueer,Colombia,5/24/2022,Premium,Desktop
48d8c1c5-add0-4cec-a99d-9299fb3087a4,Sela Hallsworth,61,Female,Russia,7/11/2022,Pro,Mobile
742ceefe-845c-4d62-99ff-656e06721caa,Moises Ticksall,41,Male,China,4/4/2022,Pro,Mobile
4706c6fc-f497-4387-ae7a-f8576da06402,Harriott Pirnie,87,Female,Ukraine,4/15/2022,Premium,Mobile
6a6ca627-de8a-43f5-b9fc-ad4587bbb1c2,Trey Staines,93,Bigender,Philippines,5/29/2022,Pro,Television
4b046309-a9af-4cdf-9d2c-c0331dad08d2,Raychel Delacroix,10,Female,Japan,10/30/2022,Pro,Mobile
6bce3eea-2ad8-4e21-82e9-33d11604ddfa,Yorgo Fryer,65,Male,Colombia,1/20/2023,Premium,Mobile
46759f5e-6f09-4488-b855-674b4d773ff1,Stern Harmstone,78,Male,China,12/2/2022,Super,Desktop
d6f5b907-e4f2-4535-9ae6-d08c0333aa05,Natal Groome,100,Male,Sweden,4/24/2022,Super,Desktop
e6dc795d-ab30-4dbb-a5b5-d5f329fe75ba,Dominga Biesterfeld,27,Female,Indonesia,11/21/2022,Pro,Desktop
07cf79d5-5103-42fe-81a0-bd77a9357b91,Ernst Bodham,89,Male,Sweden,9/27/2022,Pro,Television
f4382e81-120f-4ba0-bc7b-f2a8d0e25ef1,Gerald Bruineman,68,Male,Indonesia,9/6/2022,Pro,Mobile
dd844106-e401-45ad-9358-a944cfc841a5,Lilla Dellenbroker,71,Female,France,8/19/2022,Super,Television
75ebfa99-0440-4ab3-836a-4751385715cb,Nikolos MacKain,39,Male,Russia,7/16/2022,Pro,Mobile
4fde90b3-5f22-47ff-81e8-86f413372ddb,Lyndel Bone,85,Female,Latvia,11/4/2022,Pro,Mobile
167edf49-efe2-41ad-8288-0d5547cb5fc5,Seth Hyett,73,Male,Philippines,12/14/2022,Super,Mobile
4b2a1f7c-3216-4741-aaa3-30d9a44023f3,Haley Keast,100,Male,Portugal,6/20/2022,Premium,Desktop
8d0817f8-3212-454d-a30e-f16328f49a40,Dena Arnatt,10,Female,France,3/27/2022,Pro,Television
8ab03021-0f58-4fe6-a28c-8764ab5f44ca,Cortney Leavold,49,Female,Saudi Arabia,7/25/2022,Super,Television
63982369-3ce5-420a-a534-401c6832ca57,Herbert Chiplin,55,Male,Russia,9/17/2022,Super,Television
48277d9e-e526-483c-925d-8eb42bda88a1,Fredek Clemon,46,Polygender,China,1/20/2023,Premium,Mobile
2b10ebec-bb74-4f36-8484-df30156f94a7,Munmro Knowles,59,Male,China,12/8/2022,Super,Mobile
89ca35a6-6abd-482d-8898-128cf3c84818,Julee Finby,11,Female,Brazil,7/30/2022,Pro,Television
e3ec4f4d-4cb8-472a-84f7-a311b3ac1bec,Kim Thams,49,Female,Myanmar,11/8/2022,Super,Television
b4212c4e-0ede-4129-b0c4-9a6e9590d403,Felipa Ive,52,Female,Vietnam,4/19/2022,Super,Television
f407ee29-6904-4c86-86de-23995b5a8f33,Hughie Leggin,89,Male,Peru,9/18/2022,Pro,Television
68702489-39db-40ca-b1be-05b71f988f3c,Marielle Christene,38,Female,Czech Republic,4/5/2022,Super,Mobile
43fab9b9-87ea-4e10-a66b-0c32ef81d3d8,Jemimah Lawlor,19,Female,Palestinian Territory,11/12/2022,Pro,Mobile
77adb47a-b6cc-41cf-acf3-df0894948fc1,Felizio Perott,90,Male,Cambodia,3/23/2022,Super,Desktop
453dcf78-a0ba-41ae-8b4a-1f814dd451ea,Errick Vannuccini,29,Male,Colombia,11/7/2022,Pro,Mobile
b937eda4-f34a-4246-a6c0-589d9436e33a,Jerome O'Fallon,68,Male,Australia,11/4/2022,Pro,Television
3e73557a-3414-456b-aff2-3e08d801fa43,Grenville Wolfit,37,Male,Philippines,9/30/2022,Premium,Desktop
7a5869f4-bb63-4ac9-8027-699b3c31b4f5,Otha Mowett,30,Genderfluid,China,10/31/2022,Super,Mobile
62c8c70a-c64b-4a95-8891-33b8101e8ac5,Rachel Pawden,20,Female,Russia,10/12/2022,Super,Desktop
0a84337f-43ee-49f1-8516-6f2596c50f25,Pincas Aspy,92,Male,Jordan,5/15/2022,Super,Television
f0ac1ca8-30f2-4587-ac83-59865b9aaab1,Jillie Cord,17,Female,Portugal,5/25/2022,Pro,Desktop
1029f2b4-7573-4377-ac57-b12323435dd2,Richie Blowers,23,Male,Indonesia,1/12/2023,Premium,Television
c549377e-b4c5-49e3-8abf-fe1634248198,Marsh Raiman,61,Male,China,3/23/2022,Premium,Desktop
48a08322-1978-4f50-bd61-d3fa8d698a79,Delainey Mauser,9,Male,Russia,7/29/2022,Pro,Desktop
05194588-e187-4bf8-bde7-0d746af79910,Tedda Wloch,16,Female,Brazil,6/7/2022,Pro,Mobile
9342ac24-19cb-434b-8271-8fa36abdb8c7,Merralee Devoy,97,Female,Costa Rica,8/3/2022,Super,Television
20f11cad-92e2-487c-9eb5-99d76c9fcaf6,Harri Artindale,62,Female,Russia,1/8/2023,Premium,Desktop
eabbfc5a-8743-487d-90b7-d2f5e199e286,Genia Purvey,69,Female,Azerbaijan,10/11/2022,Premium,Desktop
f830a000-e5de-477f-b03e-ba53b42b1b0d,Hettie Shaudfurth,85,Female,Argentina,9/2/2022,Super,Mobile
00cf6ab2-d9b2-420a-a940-bec262090bb5,Denise Lowten,38,Female,China,12/14/2022,Super,Desktop
b2978db1-7af5-4fdc-990c-ef9077209872,Benito Davidavidovics,65,Male,Latvia,9/12/2022,Super,Mobile
e623ee4d-0409-4914-93ce-8d4277f0f20a,Anastasia Tolle,17,Female,Sweden,5/15/2022,Super,Desktop
ddacbcb2-f30c-423e-a241-72cd4a92c508,Constantina Zanotti,71,Female,Philippines,1/25/2023,Premium,Mobile
a3b78533-fe60-4e28-8867-7f2f7847cf44,Zachariah Hantusch,56,Male,France,4/12/2022,Super,Desktop
18df035b-f094-4ae9-acff-de0e49d83589,Em Handmore,95,Male,Peru,11/6/2022,Super,Mobile
fca78a9e-ed67-46e3-877f-0298900fc03c,Duffie Sloey,24,Male,Zimbabwe,11/5/2022,Super,Television
c5700caf-1b6e-4e8f-adeb-d2d2a50ab04a,Marcos Sabey,33,Male,Malaysia,9/14/2022,Pro,Desktop
f357959e-13ab-4f3c-8805-d4cf1471e792,Vilhelmina Wellstead,21,Female,Sweden,5/18/2022,Premium,Desktop
7c9f6ff6-062a-453e-adbd-a4762fc7ef57,Gothart Phettis,71,Non-binary,Botswana,8/6/2022,Pro,Desktop
e74b39c4-348e-4319-8db1-530e47c55222,Damon Geane,28,Male,Portugal,5/14/2022,Super,Television
75689c3b-e498-4160-8bf9-578ffb3e43c4,Filia Geldeard,96,Female,Mauritius,5/15/2022,Premium,Desktop
b978cdc2-11ef-40f0-870d-127dd87952e3,Domeniga Napper,34,Female,Afghanistan,8/25/2022,Super,Desktop
29ef7c56-e030-4521-a7de-eb7ffb5d7855,Miguel Tewes,6,Polygender,Philippines,11/20/2022,Super,Mobile
a107e51e-1234-4f27-b8d8-a6407a765d04,Veronika Heibel,84,Female,Spain,11/23/2022,Pro,Desktop
ead543bb-4131-4171-a6ad-582e7b8feccf,Nicol Loder,61,Male,Ukraine,2/2/2023,Pro,Television
17c484a7-d2e7-433e-9dd4-dc0e9125556e,Alethea Glenny,30,Female,Indonesia,5/13/2022,Super,Desktop
a20c8351-2be0-4870-b190-de8b37f52d97,Arnuad Whatley,84,Male,China,12/28/2022,Pro,Desktop
3e33d2d1-955a-46b7-8fdf-191dc5583a12,Alfy Pitrasso,23,Female,Greece,8/25/2022,Super,Television
f26adaec-6ed3-4eff-b5a6-5bd2429e1121,Ximenes Llorente,70,Male,France,3/20/2023,Super,Mobile
ce766b83-7bd1-4c1a-906d-5d7e6cfddedf,Abbey Hayland,4,Male,Portugal,4/17/2022,Pro,Mobile
1555f25f-69e9-45ad-b8a9-f2a4231b8184,Giff Brosetti,79,Non-binary,New Zealand,4/8/2022,Premium,Desktop
1db61dd9-78b8-4575-be75-c01373c9ae92,Tyson Puckrin,90,Male,Greece,8/21/2022,Premium,Television
6e2225f4-8f26-462c-b33a-01841a257b66,Reinwald Setter,79,Male,Mexico,8/2/2022,Super,Mobile
0dbd0e74-2f3d-4c52-9921-257ccd8616c6,Kimmie O'Rafferty,39,Female,Indonesia,9/9/2022,Super,Mobile
9d7b051c-a2bd-4e28-9707-e053edc73d66,Tandi Ashbridge,1,Female,France,4/13/2022,Super,Mobile
b2932761-6bd0-496d-8d60-bbb67b9f3cc6,Fidelia Maith,27,Female,Philippines,10/18/2022,Premium,Television
c7179773-d5f9-475a-a645-da705b962b9a,Em Laws,59,Female,Russia,12/23/2022,Pro,Mobile
8ce33539-53b8-4467-833f-4025c31ea83e,Belita Durtnell,64,Female,South Korea,9/19/2022,Super,Mobile
dfc18183-d0f8-42b5-8379-d70a1ddb6180,Sybila Milroy,78,Female,Russia,6/2/2022,Pro,Mobile
0e01fda5-ea17-43f2-8521-d91eb0b39738,Teddy Sommerlie,38,Male,Jordan,8/26/2022,Premium,Desktop
7f23af46-e39f-4e94-9189-910fa84c662c,Decca Simonich,1,Male,Indonesia,11/19/2022,Pro,Mobile
3fa82a20-1fd3-4095-a650-217c04e702da,Royal Bragger,2,Male,Mexico,11/15/2022,Premium,Mobile
fc3d40fe-5c33-4dd7-af2b-8e53c52f6cb2,Corny Dickens,14,Bigender,Argentina,12/4/2022,Pro,Television
da0e98cc-0401-47b1-b9d1-7f09aa35cf0a,Melicent Levesque,58,Female,Russia,7/7/2022,Pro,Mobile
b5c2291f-333b-4cdb-b08f-af98d00a284a,Xenia Halsall,62,Female,Philippines,7/12/2022,Pro,Mobile
78da76c8-e731-40c8-bb39-b17c5c60eb5a,Brunhilda Bulcock,73,Female,Japan,1/30/2023,Super,Television
45e7a660-5021-460d-b325-b80458828cd7,Waldon Kalinovich,19,Male,Bulgaria,12/1/2022,Premium,Mobile
f220ffbf-1d12-4871-84ab-eefc2addb470,Amelina Dilloway,58,Female,Canada,5/25/2022,Super,Television
00976cdb-aecc-4156-b3e4-aab18b3288cc,Garwood Jellyman,51,Male,Indonesia,8/13/2022,Super,Mobile
1c79bead-3e13-4e41-88bb-8bab7ba07dcc,Thelma Caldes,22,Female,China,3/9/2023,Premium,Television
40c8e6e5-8888-4b00-b828-eb2ecf033a05,Vida Mailey,64,Female,China,5/25/2022,Pro,Mobile
c012cb8a-e566-4ac1-ba7e-269c7ef8f3ef,Fee Ellgood,17,Male,Sweden,8/22/2022,Pro,Desktop
5f677625-d152-443f-9d5b-2b3ffa2444aa,Robinia Crolla,77,Polygender,Japan,6/25/2022,Super,Television
b93320f8-6de0-4470-a57d-44d7bf375cf7,Florian Lempke,96,Genderfluid,China,2/25/2023,Super,Mobile
4e0a7ad5-3a0d-40c8-bce6-02811482ba74,Phaedra Stackbridge,80,Female,Poland,6/21/2022,Pro,Mobile
7efc8608-2a56-4a8f-99de-b00eaedaeb64,Hanni O'Nion,76,Female,Russia,2/28/2023,Premium,Desktop
fa5cb863-6fe0-4698-ba43-532cb8a56e92,Valli Dunk,64,Female,South Africa,8/3/2022,Premium,Mobile
1f128173-d7bc-42f8-b26d-50523897c2aa,Ev Boswell,2,Male,Finland,3/15/2023,Premium,Desktop
20a98d0d-e126-4521-88b2-297bc82840b6,Francisco Buesnel,70,Male,Indonesia,8/5/2022,Pro,Television
c3052c98-1071-46c6-b5c7-4e3657aa7733,Rickert Tabourel,66,Male,Colombia,5/10/2022,Super,Desktop
f42e2d86-6cbc-40d7-847d-fb108c77c8e9,Savina Hemstead,80,Female,Brazil,12/3/2022,Pro,Mobile
b2a0d188-8268-445c-9e9a-22664151813d,Farrah Wickie,44,Female,Indonesia,11/18/2022,Super,Television
ec693eb6-a8cf-4e47-b82c-d257b5077b28,Damaris McLugish,95,Female,Russia,10/9/2022,Premium,Mobile
2be7c0e3-9ef8-4971-b04e-c6599498d74f,Temple Sweatman,8,Male,Malaysia,6/19/2022,Premium,Mobile
090168f6-8527-4cc8-885b-ee7877aecddc,Ryan Kalinovich,39,Male,Mexico,11/10/2022,Premium,Desktop
113df47a-ee5d-4a05-b5f1-ba3217df64e4,Ianthe McLevie,77,Female,Canada,7/7/2022,Pro,Television
7fa7ec41-5f10-4aac-927b-4797bcd6786d,Gay Brack,74,Male,Poland,11/30/2022,Pro,Desktop
7c4a5b4f-8681-4765-a0a9-e09a5f19e77e,Godiva Maberley,2,Female,Ukraine,8/18/2022,Premium,Television
8867bd49-d5e9-4031-8178-b852c96037b0,Mahalia Dreelan,40,Female,Poland,9/27/2022,Premium,Desktop
5c933047-df84-4855-9430-165935cd77f2,Dal Donson,33,Male,Philippines,5/21/2022,Pro,Television
732c9491-bfcb-4290-b5c9-924a71315a48,Tiertza Franscioni,94,Female,Ghana,6/6/2022,Super,Mobile
5b395de2-2bde-4043-a7e2-79dab435ef16,Basilius Jouannin,38,Male,Japan,5/15/2022,Super,Television
fec1e20c-4da1-4404-ad42-91040c024669,Griselda Bibey,39,Female,Indonesia,2/7/2023,Super,Mobile
da8f2b9d-7db1-40c6-991f-169fe6ab5e78,Danni Dameisele,5,Female,Czech Republic,11/24/2022,Premium,Desktop
62972680-6567-40b3-a169-38b7341f4cbc,Colly Comello,74,Female,Greece,11/22/2022,Super,Mobile
08c5e018-fc75-4b29-8c87-66cbb1d5f2b9,Myrah Sebright,57,Female,Indonesia,1/7/2023,Pro,Television
dcd5892f-cec5-4a61-ba3b-d5dbf962af94,Kahlil Dauber,58,Male,Russia,4/21/2022,Super,Mobile
8a307e38-413e-438f-8d49-5c0b19064b11,Edmund Obbard,97,Male,Brazil,11/5/2022,Pro,Desktop
ae2dba3a-1fe8-48e9-aa66-80fdfce5e145,Mischa Goldthorpe,21,Male,Belarus,3/22/2022,Super,Television
49843153-b583-498a-ad03-8438eb8df73d,Angelia Russel,72,Female,Indonesia,2/9/2023,Super,Mobile
f58c24b4-68e0-4361-835d-42dc2994b6c5,Humfrey Sopper,76,Male,Thailand,7/4/2022,Pro,Mobile
f494e1e7-80e5-467d-bea4-77b719c5104b,Tracee Stutte,83,Female,Honduras,6/29/2022,Super,Mobile
8c9c61b9-e721-4cef-8c0c-450490c4240a,Efren Kubec,95,Male,Brazil,12/17/2022,Super,Mobile
4d1b9c0d-6a58-4c9a-aff1-d7c70c78fb11,Ingunna Fassan,71,Non-binary,China,6/29/2022,Premium,Desktop
e5f8f283-c6aa-40c1-9bc0-cf881d139b74,Luke Bence,84,Male,Russia,9/4/2022,Super,Television
e31f10a2-a9c6-4737-b160-bb6214f4819c,Ric Shimwell,89,Male,Canada,8/12/2022,Premium,Mobile
79b204ae-4b71-449a-89f9-b320f97a1b0b,Brenn O'Geaney,4,Female,Argentina,11/4/2022,Pro,Mobile
4afb303f-298b-4829-8250-787c1c7d5a4b,Diannne Blumsom,84,Female,Sweden,2/17/2023,Super,Mobile
346d2647-41a2-4fbd-968d-2a2acddbde5e,Daffy Zannolli,29,Female,Greece,2/12/2023,Premium,Television
a8df5510-4cb1-4c9d-9018-9eb703c5505a,Prent Twyning,29,Male,Brazil,11/4/2022,Super,Television
bf0566d7-8025-4bc9-b94a-6463cbeb4408,Jesse Dogg,94,Male,Portugal,3/31/2022,Super,Desktop
28da10b2-29a6-4a98-bbd1-b7f75ad380e6,Pierre Skingle,59,Male,Greece,6/5/2022,Premium,Mobile
7188ac83-6574-4a1f-ae41-d533e6d3d3ec,Parke Paquet,98,Male,Philippines,10/7/2022,Pro,Desktop
68d6d94f-cf84-4374-b39f-cc9cb028b963,Patience Floodgate,44,Female,Thailand,6/26/2022,Super,Television
3d0a0f34-098f-42ba-ae28-21994439e90d,Derby McHarry,51,Male,China,11/3/2022,Super,Mobile
83dabd0c-35e9-4d05-a027-31306c9f8727,Maggie Cropton,47,Female,Liberia,10/13/2022,Premium,Television
536d7f44-2480-4767-b412-070d0a8674c6,Marcille Pinnocke,7,Female,Portugal,4/24/2022,Premium,Television
fd850bcc-b352-4e4f-a6a8-4a2282efe401,Estel Dawtry,2,Female,Faroe Islands,4/24/2022,Super,Television
8ac45e38-dde3-4f5a-bb30-fa9177a98145,Ladonna Westby,75,Female,Denmark,7/6/2022,Premium,Mobile
44f7fed1-bfc1-4a55-8534-67efcd784bb1,Jesse Chelley,57,Female,Poland,5/7/2022,Pro,Desktop
6fa7b480-8026-44c7-a86f-dc7a5e87bc3d,Daveta Cuddehy,84,Female,Indonesia,12/27/2022,Super,Mobile
27f6f208-ea79-4620-bcb2-6ee9234068ac,Jacklyn Fulford,63,Agender,Yemen,3/6/2023,Premium,Television
b3255a9a-f37f-4166-92e6-34f19167b822,Giacinta Labitt,10,Female,China,1/25/2023,Super,Desktop
3ecf11e4-c881-448b-833b-daf00e0369b1,Adolf Mooreed,62,Male,Finland,6/26/2022,Premium,Desktop
4eee8719-1230-4a74-8275-a02172f0bac7,Benedicta Cafferky,49,Female,Russia,11/1/2022,Pro,Mobile
1126b7dc-f675-422a-ba2a-ac646b3e5e26,Bond Lacroix,66,Genderqueer,Vietnam,7/27/2022,Premium,Desktop
e2856305-8e13-44c4-be2a-4cd636c3586f,Cyndy Lello,35,Polygender,Nigeria,2/3/2023,Super,Television
86dc574d-cfbb-431c-9667-4bbf8fe446f0,Bea Eyckelbeck,29,Bigender,Argentina,2/25/2023,Super,Desktop
d0e8e2d4-8858-4178-bdf1-a2a5c67048a2,Herrick Le Grys,13,Male,China,11/1/2022,Pro,Mobile
07b4d68e-7a18-48a2-9ac2-b399b0c75e63,Zach Mintoff,43,Male,China,11/13/2022,Super,Desktop
f84670e0-4fbd-4d5e-9303-d30c1bd52265,Duky Newiss,33,Male,China,3/8/2023,Pro,Television
bfe2ef18-30b5-466a-8884-d9848772dc63,Devin Drinkeld,73,Female,Angola,1/24/2023,Super,Desktop
246881f9-3857-4adf-a332-f6e2defee50b,Delphine Penn,84,Female,Greece,10/14/2022,Premium,Mobile
b278cc9a-8b59-4900-b2aa-e56a26838ff6,Gal Pavolini,94,Male,Brazil,10/16/2022,Pro,Desktop
6c5348e9-961b-481f-882a-5ce91a769b36,Swen Wimp,8,Male,Haiti,9/16/2022,Pro,Television
0d10bbb1-71df-49be-962a-177a717a6aa7,Jefferey Stillwell,60,Male,Indonesia,4/23/2022,Premium,Desktop
698c66d7-1666-451d-a79c-9193de9e61a7,Reinwald Chettle,21,Male,France,11/14/2022,Super,Mobile
7591c2bc-2e7b-48b0-bc9a-657094ba5437,Jewell Goulthorp,67,Female,Ghana,8/21/2022,Premium,Television
3642c4f7-b1c6-4dab-b203-6178de67dbed,Ludwig Beacroft,82,Male,Poland,5/21/2022,Premium,Mobile
621634db-ec8d-4585-8058-301fe083432b,Christy Pakeman,4,Male,Syria,3/22/2022,Super,Mobile
274ee1b3-63e0-43b4-a5cc-c3e472e50636,Adena Haly,18,Female,China,2/10/2023,Premium,Television
b8a36b52-8b26-47c7-bf9b-8f04a7b3e916,Hobey Boreland,96,Male,Macedonia,11/7/2022,Super,Mobile
54925beb-cdaa-452e-a5a4-e4825da6b031,Reg Fauning,52,Male,Greece,8/8/2022,Premium,Desktop
3ccfd99d-ed34-4823-9600-6fd552fe5170,Kendra Payn,89,Female,France,11/28/2022,Premium,Television
b4cddb7b-c984-4f89-82c8-93cd1957c283,Kylie Bondley,7,Female,Canada,5/1/2022,Premium,Desktop
f5f68ce9-313a-4ade-952b-14f066ec1a70,Travis Amiable,30,Male,Brazil,11/23/2022,Pro,Television
743535bc-851b-4755-a491-c2921670221b,Izak Baudet,84,Male,Argentina,12/6/2022,Super,Desktop
efd25378-c03b-4d35-bd47-8354e4bad0f4,Meyer Cusack,39,Male,Brazil,9/7/2022,Premium,Television
f8f90575-c94c-48db-a852-b8662e2f9195,Myrtia Benka,6,Female,Colombia,4/22/2022,Super,Television
7351f115-70cd-4a04-bf57-1aa0e14863b7,Collete Seeborne,23,Female,China,8/6/2022,Super,Television
9c5cc3a3-89ee-4cf9-b13c-67d724ac5704,Cinnamon Ricardin,2,Female,Indonesia,11/24/2022,Premium,Television
2bfa2ce4-d344-4174-978d-1e0e5df6899b,Mortimer Fromant,19,Male,Indonesia,4/18/2022,Premium,Desktop
3f9435f0-ef07-48d3-aecd-88b58d642c78,Ivette Mangenot,61,Female,Brazil,7/2/2022,Super,Television
e6e882ff-2096-4217-84e0-d894a22504d6,Elbertine Schaumann,80,Polygender,Guatemala,10/20/2022,Premium,Television
f503cd38-eeb9-4d4d-8415-866ab732ff46,Jennifer Sergeant,56,Female,Paraguay,11/11/2022,Pro,Desktop
43d47147-f5a8-43b4-a11b-63f12f63728c,Bambie Tonge,33,Female,Macao,4/5/2022,Premium,Desktop
a9e51fa3-114a-40c2-b976-7d422026bccd,Inger Longmate,72,Male,Austria,3/12/2023,Super,Television
f9de7ef1-f77c-4e5e-ae04-37963ed4dc47,Kelcie Crowcombe,43,Female,Guinea,11/11/2022,Premium,Mobile
0f037285-fb19-4200-af42-4d48f65aa5e7,Harman Crighten,90,Male,Mexico,8/31/2022,Super,Mobile
f0a694af-1ea0-4d5b-ba79-9e7506cddad8,Quentin Midgely,6,Female,China,5/17/2022,Super,Television
d34470ed-ca55-4173-8751-a87182916d72,Sabina Sambrok,80,Female,China,6/16/2022,Pro,Desktop
efb7d29a-b59c-4f93-a46f-c0ec2418263e,Alexine Olney,44,Female,Portugal,8/4/2022,Pro,Desktop
f4f41188-7528-4091-bec7-06e3cae6ea11,Natalina Blumsom,29,Female,Peru,7/16/2022,Super,Desktop
4c097f1b-b054-4742-9830-c7f500c6b417,Alanah Cheake,32,Female,South Korea,8/1/2022,Premium,Mobile
99739ddb-e59c-49b7-9c3a-e2703bb18aef,Haley Overthrow,38,Male,Poland,12/21/2022,Premium,Mobile
557b7ddc-3a3c-4f43-9615-6314c673d441,Humfried Caspell,59,Male,France,1/19/2023,Pro,Desktop
0eb9fe36-2e6c-4216-b59c-49896543e1d0,Jo-ann Woolforde,44,Female,New Caledonia,9/14/2022,Pro,Television
1ddd0025-e86a-42ab-8b85-63c4e3a0fab8,Corabelle Godfrey,93,Female,Greece,4/25/2022,Pro,Desktop
bf29d6f3-e331-44b3-a282-51d8e1c1ddb9,Nettle Brightey,44,Female,Norway,9/14/2022,Premium,Television
68f917fb-865c-4041-a0f7-43301ed855fe,Edyth Grier,55,Female,Dominica,6/3/2022,Premium,Desktop
57252e26-51d5-4171-92bd-4f06ad049017,Buiron Valentelli,32,Male,Czech Republic,5/3/2022,Pro,Mobile
705df91d-d624-4e70-b7e0-0a2bdad51b52,Briana Ghioni,78,Female,United States,6/15/2022,Super,Mobile
b4572209-599f-48af-aee3-ccac1595ef00,Reena Biskupiak,55,Polygender,Russia,5/26/2022,Premium,Desktop
eecb55b8-474e-429e-b988-53f403bb7d12,Dorian Silbermann,54,Male,Philippines,12/31/2022,Pro,Mobile
c3f9a293-d931-4d9b-80ee-b399fe51bbca,Angeli Ilden,10,Male,Argentina,5/15/2022,Premium,Television
2e723164-ffc9-4a4b-99b2-e4e08baa9859,Harwilll Hampstead,47,Male,Chile,3/25/2022,Super,Desktop
a7570dc6-9665-4535-aff0-0bac6967d163,Tilda Scorton,94,Female,Canada,8/6/2022,Super,Desktop
6094172c-8091-4293-af75-8d539553e46f,Wiatt Bess,26,Male,Indonesia,6/9/2022,Premium,Desktop
44686c3c-82b5-4057-8d35-4a9426f3c655,Fabio Willingam,40,Male,Croatia,8/9/2022,Pro,Television
ce6f0f81-b45b-49d0-8dc4-2947e6058e6f,Violette Thame,92,Female,France,6/27/2022,Pro,Desktop
81d094b6-8f2f-47af-8ad9-84f826a4ec72,Shea Tooby,13,Female,China,7/15/2022,Super,Mobile
1f3f3cd1-ba5b-476b-80ec-8f67c469605f,Marielle Priestner,64,Female,Yemen,3/13/2023,Super,Television
cf1c2f9c-1440-41e9-977f-e273a1b62738,Dore Treneman,54,Male,Japan,11/3/2022,Premium,Television
c9f4298d-0e25-4347-b554-fc46b4295c89,Claus Lobell,72,Male,Indonesia,7/30/2022,Pro,Mobile
37c85d89-c085-4e51-95e8-3e816250ff40,Ketti Coull,94,Female,China,12/13/2022,Premium,Desktop
09eb7724-bbf4-43b9-97cc-54889d1acbae,Abbe Hawe,11,Male,Sweden,6/6/2022,Super,Mobile
3d2c04aa-81c8-4fa2-be5b-02ad4407f5fe,Rachelle Tyrie,53,Female,Latvia,11/12/2022,Premium,Television
370824ba-2f32-483a-b50b-bba85dc0cab5,Barb Pring,58,Female,Indonesia,7/16/2022,Pro,Mobile
6de303db-41c0-45c9-a758-9f125ab8cf2e,Jamill Filan,67,Male,China,1/22/2023,Pro,Mobile
b565cdaf-7819-45fb-8e29-24e3ac583b19,Alair Nance,51,Male,Vietnam,9/10/2022,Premium,Desktop
5ac1dd50-8923-407a-a14a-b59df4361e89,Hobie Byrkmyr,66,Agender,Malaysia,4/29/2022,Premium,Mobile
495c94c9-16de-4901-a412-f65efc0864b2,Trixy Murrells,39,Female,China,12/14/2022,Super,Television
0239e322-6824-4b15-8e5b-f2d9f9d463b3,Gavan McVane,4,Male,Philippines,9/18/2022,Pro,Desktop
1c7eb542-92d7-45e3-9ef2-b0c3480b350f,Alexandr Kalkhoven,86,Male,Indonesia,10/20/2022,Pro,Television
b8221965-118a-40dd-9216-e1deee67f2a8,Britt Lepper,41,Male,Sweden,2/22/2023,Pro,Desktop
